words;level
à;A1
à cause de;A2
à ce moment-là;B1
à cloche-pied;B2
à condition que;B2
à côté de;A1
à crédit;B2
à deux pas;B2
à domicile;B2
à fond;B2
à grandes enjambées;B2
à grands pas;B1
à la bolognaise;B2
à la fin;B1
à la folie;B2
à la mode;B2
à la sauce tomate;B2
à la vapeur;B2
à la verticale;B2
à l'angle de;B2
à l'arrière;B1
à l'avant de;B2
à l'avenir;B2
à l'endroit;B2
à l'envers;B2
à l'époque;B2
à l'exception de;B2
à l'extérieur;B1
à l'horizontale;B2
à l'huile;B2
à l'instant;B1
à l'intérieur;B1
à l'occasion;B2
à l'origine;B1
à l'ouest;B2
à notre époque;B2
à nouveau;B1
à option;B2
à partir de;B1
à petits pas;B1
à peu près;B1
à plat;B2
à point;B1
à portée de ;B2
à présent;B1
à proximité;B2
à quatre pattes;B2
à reculons;B2
à tout bout de champ;B2
à toute allure;B2
à venir;B2
à vol d'oiseau;B2
abaisser;B2
abandonner;B1
abattu;B2
abbattement;B2
abbaye;B2
abbé;B2
abeille;A2
abominable;B2
abondance;B2
abonnement;B2
aboutir;B2
aboyer;B1
abricot;B1
abricotier;B2
abscisse;B2
absent;A1
absorber;B2
abstrait;B1
accablé;B2
accablement;B2
accélération;B2
accélérer;B1
accent;A1
acceptabilité;B2
acceptable;B1
accepter;A2
accès;B1
accessible;B1
accident;A1
accident du travail;B1
accompagnateur;B2
accompagner;B1
accord;A1
accord ;A2
accordéon;B2
accordéoniste;B2
accorder;B2
accorder (s');B2
accouchement;B2
accoucher;B1
accrochage;B2
accrocher;B2
accroissement;B2
accroître;B2
accroupi;B2
accroupir (s');B2
accueil;A1
accueillir quelqu'un;B2
accuser (s');B2
achat;A2
acheminement;B2
acheter;A1.1
acheteur;B1
achever (s');B2
acide;B1
acier;B1
acompte;B2
acquérir;B2
acquis sociaux;B2
acrylique;B2
acteur;A2
actif;B1
action;B2
activité;A1
activités;A2
actualité;B1
actuel;B1
actuellement;B1
adaptation;B2
adapté;B1
adapter;B1
additif;B2
addition;A1
additionner;B1
adéquat;B2
adéquation;B2
adhérence;B2
adhérent;B1
adhérer;B2
adjectif;A1
admettre;B2
administratif;B1
administration;A2
admiration;B1
admirer;B1
admission;B1
ADN;B2
adolescence;B1
adolescent  ;A2
adopter;B1
adoption;B1
adoration;B2
adorer;A1
adresse;A1.1
adresse électronique;A1
adresser;B2
adresser (s');A2
adroit;B2
adulte;A1
adultère;B2
adverbe;B1
adversaire;B1
aération;B2
aérogare;B2
aéroport;A1.1
affaires (possessions);A2
affaires (travail);B1
affaires culturelles;B1
affaires sociales;B1
affection;B2
affectueux;B2
affiche;B1
affilié;B2
affilier (s');B2
affirmation;B1
affirmer;B1
affligé;B2
affolé;B2
affolement;B2
affranchir;B2
affranchissement;B2
afin de;B1
africain (adj+ n);A2
Afrique;A2
agacé;B2
agacement;B2
agacer;B2
âge;A1.1
âgé;A2
agence;B1
agence de presse;B2
agence de voyage;B1
agence d'intérim;B2
agenda;A2
agenouiller (s');B2
agent de police;A2
agent hospitalier;B2
aggloméré;B2
agité;B2
agiter;B2
agneau;A2
agnostique;B2
agréable;A2
agricole;B1
agriculteur;B1
agriculture;A1
aide;A2
aide au logement;B1
aider;A1.1
aide-soignant;B2
aigle;B2
aigre;B2
aigu;B1
aiguille;B2
ail;B2
aile;B2
ailleurs;B1
aimable;B1
aimer;A1.1
aimer (bien);A1
aimer bien;A1
aîné;B1
ainsi;B2
air;A2
airbag;B2
aire;B2
aire de repos;B1
aisselle;B2
ajouter;A2
alcool;A1
alcootest;B1
alerte;B1
algèbre;B2
algébrique;B2
aligné;B2
aligner;B2
alimentation;B1
alimenter;B2
allée;B2
allégé;B2
allemand;A2
aller (bien/mal) pour les vêtements;B1
aller (n.);A1
aller (v.);A1.1
aller à la chasse;B2
aller à la pêche;B2
aller et venir;B2
aller mieux;A2
aller simple;B1
allergie;A2
allergique;B1
aller-retour;A1
alliage;B2
allocation chômage;B2
allocation(s);B1
allongé;A2
allongement;B2
allonger (s');B1
allumer;A2
allumette;A2
allure;B2
alors ;A1
alors que;B2
alphabet;A2
alpinisme;B2
alpiniste;B2
altitude;B2
aluminium;B2
amabilité;B1
amande;B2
amandier;B2
amant;B2
amateur;B2
ambassade;A1
ambiance;B1
ambulance;A2
améliorer;B1
amende;B1
amener;B1
amer;B1
américain (adj+n);A2
Amérique;A2
amertume;B2
ami;A1.1
amiante;B2
amitié;A2
amont (en -);B2
amour;A1
amoureux;A2
amphithéâtre;B1
ample;B2
amplitude;B2
ampoule;B2
amusant;B2
amuser;B2
amuser (s');A2
an;A1.1
analogie;B2
analogique;B2
analogue;B2
analyse ;A1
analytique;B2
ananas;B2
ancien;A1.1
ancienneté;B2
anesthésie;B1
anesthésier;B2
anesthésiste;B1
angine;B2
anglais;A1
angle;B1
anglophone;B1
angoisse;B2
angulaire;B2
animal ;A1.1
animateur;B1
animation;B1
animer;B1
anneau;B2
année;A1.1
année-lumière;B2
anniversaire;A1.1
annonce;A1
annoncer;A2
annuaire;B2
annuel;B1
annuler (annulé);A2
anorak;B2
antarctique;B2
antérieur;B2
antériorité;B2
anti-;B2
antibiotique;A2
antibrouillard ;B2
anticiper;B2
antidouleur;B2
anti-inflammatoire;B1
antilope;B2
antipathie;B2
antipathique;B2
antique;B2
Antiquité;B2
antiseptique;B2
antitétanique;B2
anus;B2
anxiété;B2
anxieux;B1
aorte;B2
août;A1.1
apatride;B2
apercevoir;B1
apéritif;A2
apparaître;B2
appareil photo;B1
apparence;B1
apparent;B1
apparition;B2
appartement;A1.1
appartenance;B2
appartenir ( à );B1
appel;A2
appeler;A1.1
appeler (s');A1.1
application;B2
application (numérique);B1
appliquer;B2
apporter;A1
appréciation;B2
apprécié;B2
apprécier;B1
appréhension;B2
apprenant;B2
apprendre;A1.1
apprenti;B2
apprentissage;B1
apprivoiser;B2
approbation;B2
approche;B2
approcher;B1
approcher (s');B1
approuver;B1
approximativement;B2
appui;B2
après;A1.1
après que;B2
après-demain;B1
après-midi;A1.1
apte;B2
aptitude;B2
arabophone;B1
araignée;B1
arbitre;B2
arbre;A1.1
arbre fruitier;B1
arc;B2
archéologie;B2
archipel;B2
archives;B1
arctique;B2
ardoise;B2
arête;B2
argent;A1
argenté;B1
argile;B2
argot;B2
arithmétique;B2
armée;B2
armoire;B1
ARN;B2
aromate;B2
aromatique;B2
aromatisé;B2
arôme;B2
arrestation;B1
arrêt de bus ;A1
arrêt de travail;B1
arrêt maladie;B1
arrêter;A1.1
arrêter (s');A1
arrière;B1
arrivant;B2
arrivée;A1
arriver;A1.1
arriver à (réussir);B2
arrondissement;A2
art;A2
artère;B2
artériel;B2
arthrose;B2
artichaut;B1
article;A1
articuler;B2
artisanat;B1
artiste;A2
ascendant;B2
ascenseur;A1
ascension;B2
asiatique;A2
Asiatique ;A2
Asie;A2
aspect;B1
aspirateur;A2
aspirine;A1
assaisonnement;B2
assaisonner;B2
assemblée;B1
Assemblée nationale;B2
assembler;B2
asseoir (s');A1
assez;A1.1
assez de;B2
assiette;A1
assiette creuse;B2
assiette du jour;B2
assis;A1
assis (être -);A2
assistance;B2
assister à;B1
associatif;B1
association;B1
associé;B2
associer;B1
assombrir;B2
assourdir;B2
assourdissant;B2
assumer (ses responsabilités);B2
assurance;A1
assurance de base;B2
assurances;B2
assurances complémentaires;B2
assuré social;B2
assurer (s');B1
asthmatique;B1
asthme;B2
astre;B2
astronomie;B2
astucieux;B2
asymétrique;B2
atelier;B1
athée;B1
athlète;B2
athlétisme;B2
atmosphère;B2
atome;B2
atomique;B2
attaché (n);B2
attacher;A2
attacher la ceinture (de sécurité);B2
attaquer;B2
atteindre;B2
attendre;A1.1
attendrissant;B2
attendrissement;B2
attendu;B2
attente;B2
attention (faire - );A2
attestation;A2
attestation de soins;B2
attirer;B2
attitude;B1
attraction;B2
attraper;B1
au bord (de);B1
au bout de ;A2
au bout du compte;B2
au cas où;B2
au centre (de);B1
au coin (de);B1
au commencement;B2
au début (de);B1
au fond;B2
au fond de;B1
au gratin;B2
au même moment;B1
au milieu;A2
au moment où;B2
au passé;B1
au ralenti;B2
au sirop;B2
aube;B2
auberge;B1
aucun;B1
audace;B2
audacieux;B2
au-dessous;A2
au-dessous (de);B1
au-dessus;A2
au-dessus (de);B1
audibilité;B2
audible;B2
audience;B2
audiovisuel;B1
auditeur;B2
audition;B2
auditoire;B2
augmentation;B1
augmentation de salaire;B2
augmenter;B1
aujourd'hui;A1.1
auparavant;B2
auscultation;B2
ausculter;B2
aussi;A1
autant;B2
autant (que);B1
auteur;A2
auto;A1
autobus;A1.1
autocar;B2
autocuiseur;B2
auto-école;B2
automnal;B2
automne;A1.1
automobile;B2
autonome;B1
autoradio;B2
autorisé;A2
autoriser;A2
autoritaire;B1
autorité;B2
autoroute;A1
autour (de);B1
autre;A2
autre part;B2
autrefois;B2
aux alentours;B2
aux environs de;B2
aux œufs;B2
aval;B2
avaler;A1
avancé;B1
avance (être en - );A2
avancée;B2
avancer;A2
avant;A1.1
avant de;B2
avant que;B2
avantage;B1
avantages en nature;B2
avant-bras;B2
avant-hier;B1
avant-veille;B2
avare;B2
avarice;B2
avec;A1.1
avec accusé de réception;B2
avenir;A1
avenir professionnel;B1
avenue;A1.1
averse;B2
aveu;B2
aveugle;B1
aveugler;B2
avion;A1.1
aviron;B2
avis;B1
avocat;B1
avoine;B2
avoir;A1.1
avoir beau;B2
avoir bon/mauvais goût;A2
avoir de la fièvre;B2
avoir de l'idée;B2
avoir des notions;B2
avoir du goût;B1
avoir du succès;B1
avoir la forme de;A2
avoir la priorité;B2
avoir lieu ;B1
avoir mal;A1
avoir pour conséquence;B2
avoir une odeur;B1
avouer;B1
avril;A1.1
axe;B2
azote;B2
bâbord;B2
baby-sitter;A1
baccalauréat;B1
bachelor;B2
bacon;B2
bactérie;B2
bactérien;B2
bafouiller;B2
bagage;A1
bagage à main;B1
bagagiste;B2
baguette;A1.1
baie;B2
baignade;B1
baigner (se);B2
baignoire;B1
bail;B2
bain;A1.1
baisse;B1
baissé;B1
baisser;A2
baisser (se);B1
balade;B1
balader (se);A2
balai;A2
balbutier;B2
balcon;B1
baleine;B2
balle;A2
ballet;B2
ballon;A1
ballon de foot;A1
banal;B1
banane;A1.1
bananier;B2
bancaire;B1
bande;B1
bande d'arrêt d'urgence;B2
bande-annonce;B1
banderole;B2
banlieue;A1
banlieusard;B2
banque;A1
banquet;B2
banquette;B2
bar;A2
barbe;A2
barbecue;B2
barbu;B1
bariolé;B2
barman;B2
barquette;B2
barre;B2
barrière de sécurité;B2
bas (adj.);A1.1
bas (adv.);A2
bas (n.);A2
bas-côté;B2
base;B2
basket-ball;A1.1
baskets (chaussures);B1
basset;B2
bassin;B2
bataille;B2
bataille navale;B2
bâtard;B2
bateau;A1.1
bâtiment;A1
batterie;B1
battre;B1
bavard;B1
bavardage;B1
bavarder;B1
beau;A1.1
beaucoup;A1.1
beau-fils;B2
beaujolais;B2
beau-père;A1
beaux-parents;B1
bébé;A1.1
bégaiment;B2
bégayer;B2
beige;B1
Belge;A2
belle-fille;B2
belle-mère;A1
belote;B2
bénéficiaire des soins;B2
bénéficier;B2
bénévolat;B2
bénévole;B1
bénin;B2
benjamin;B2
benzine;B2
béquille;B2
béret;B2
berger;B2
berne (en -);B2
besoin (avoir - de);A2
bétail;B2
bête (adj.+n);A1
bêtise;B2
béton;B2
bétonné;B2
beurre;A1.1
beurrer;B2
bibliothécaire;B1
bibliothèque;A1
biceps;B2
biche;B2
bicyclette;A1
bien;A1.1
bien cuit;B2
bien payé;B2
bien portant;B2
bien que;B1
bien-être;B2
bientôt;A1
bière;A1
bilan;B2
bile;B2
bilingue;B1
billard;B2
billet;A1
bimensuel;B2
bio;B2
bio-;B2
biologie;B1
biologique ;B1
biscuit;A2
bissectrice;B2
bistro;B2
bizarre;A2
bizarrement;B2
bizarrerie;B2
blanc;A1.1
blanc (n);A2
blanche (viande);B2
blanchir;B1
blé;B1
blessé;A2
blesser (se);B1
blessure;B1
bleu;A1.1
bloc opératoire;B1
blog;B1
blond;A1.1
blondes (cigarettes);B2
bloquer;B2
blouson;B2
bœuf;A1
boire;A1.1
bois (matière + forêt);A2
boisé;B2
boisson;A1.1
boîte;A1
boîte aux lettres;A1
boîte postale;B2
boiter;B2
bol;B2
bon (adj.);A1.1
bon à rien;B2
bon marché;B2
bon sens;B2
bonbon;A2
bondé;B2
bonnet;A2
bord  ;B1
bord de mer;B1
bordeaux;B1
borgne;B2
borne;B2
botte(s);A2
bottines;B2
bouc;B2
bouche;A1.1
boucher (n.);A2
boucher (v.);B2
boucherie;A1
bouchon;B2
bouclé;B1
boucler sa ceinture (de sécurité);B2
bouddhisme;B2
bouddhiste;B1
bouder;B2
boudin;B2
bouger;A2
bougie;B1
bouillant;B1
bouilli;B2
bouillir;B1
bouillon;B2
boulanger;A2
boulangerie;A1.1
boule ;B1
bouleau;B2
boules (jeu);B2
boulevard;A1
boulversement;B2
boulverser;B2
bouquet;A1
bouquet (odeur);B2
bourg;B2
bourgogne;B2
bourguignon;B2
boursier;B2
bousculer;B2
bout;B1
bouteille;A2
bouteille d'eau;A1.1
boutique;A1
bouton;B1
bowling;B2
boxe;B2
boxer;B2
boxeur;B2
branchement;B2
brancher;A2
bras;A1.1
brasserie;B1
brave;B2
brebis;B2
bref;B1
bretelles;B2
brevet de technicien supérieur;B1
bricolage;B1
bricoler;B1
bricoleur;B2
bridge;B2
brie;B1
brièvement;B1
brillant;B1
brioche;A2
briquet;A2
briser;B2
broche;B2
brochette;B1
broderie;B2
bronchite;A2
bronzage;B1
bronze;B2
bronzé;A2
bronzer;B1
brosse;A2
brosse à dents;A1.1
brosser;B2
brosser (se - les dents);A1
brouillard;A1
brouiller (se);B2
brouillon;B2
bru;B2
bruiner;B2
bruit;A1
brûlant;A2
brûlé;A2
brûler (se);A2
brûler un feu rouge;B2
brûlure;A2
brûlure d'estomac;B2
brume;B2
brumeux ;B2
brun;A1.1
brunes (cigarettes);B2
brunir;B2
brusque;B2
brusquement;B2
brusquer;B2
brut;B1
bruyant;A2
buccal;B2
budget;B1
buffet;B1
buffle;B2
bulletin (de météo, de vote);B2
bulletin de salaire;B1
bureau;A1
bureau de chômage;B2
bureau de poste;A2
bureau de tabac;A2
bureau de vote;B1
bureau d'embauche;B2
bureau du personnel;B2
bus;A2
buste;B2
but;B1
ça et là;B2
cabane;B2
cabaret;B2
cabillaud;B2
cabine;B1
cabinet de recrutement;B2
cabinet médical;B1
cacahuète;B2
caché;B2
cache-cache;B2
cachet;A2
caddie;B2
cadeau;A1.1
cadences;B2
cadet;B2
cadran;B2
cadre;B1
cadre supérieur;B2
cafard;B2
café;A1
café crème;B2
cafétéria;A2
café-théâtre;B2
cagibi;B2
cagoule;B2
cahier;A1
caisse;A1
caisse de retraite;B1
Caisse d'épargne;B2
caisse-maladie;B2
caissier;A2
cake;B2
calcaire;B2
calcium;B2
calcul;B2
calculer;A2
calme;A2
calmer (se);B1
calomnie;B2
calomnier;B2
calorie;B2
camarade;B2
camaraderie;B2
camembert;B1
camion;A2
camionnette;B2
campagnard;B2
campagne;A1.1
camper;A2
campeur;B1
camping;A1.1
camping (faire du -);A2
camping-car;B1
campus;B1
canal;B2
canapé;B1
canard;A2
cancer;A2
cancéreux;B2
cancérologie;B2
cancérologue;B2
candidat;B1
candidature;B2
cane;B2
caniche;B2
canne;B1
canne à pêche;B2
cannelle;B2
cantine;A1
canton;A2
cantonal;B2
capable;B1
capacité;B2
capitaine;B1
capital;B2
capitale;A2
capitalisme;B2
capot;B2
caprice;B2
capsule;B2
car;B1
caractère;B1
caractéristique (adj+n.);B1
carafe;B1
carambolage;B2
caravane;B1
carburant;B2
cardiaque;B2
cardinal;B2
cardiologie;B2
cardiologique;B2
cardiologue;B1
caricaturiste;B2
carie;B2
caritatif;B2
carnet;B2
carnet de chèques;B2
carnet de mariage;B2
carotte;B1
carré;A1
carré (n.);B1
carrefour;A1
carrière;B1
carrure;B2
cartable;A2
carte;A1
carte bancaire;A1
carte de crédit;B2
carte de paiement;B2
carte de séjour;B1
carte d'identité;B1
carte grise;B2
carte hebdomadaire/mensuelle;B2
carte postale;A1.1
carte prépayée;B2
carte professionnelle médicale;B2
carte professionnelle pour étranger;B1
carte Vitale;B1
carton;A2
cartonné;B2
cartouche;B2
cas;B2
cascade;B2
casier;B2
casino;B2
casquette;A1.1
casquette ;A2
cassable;B2
cassant;B2
cassé;A2
casser;A2
casser (se);B1
casser la figure (se);B2
casser les oreilles;B2
casserole;A2
cataclysme;B2
catalogue;B1
catamaran;B2
catastrophe;B1
catégorie;B2
cathédrale;A2
catholicisme;B2
catholique;B1
cause;B1
cause (à - de );B1
causer ;B1
cave ;B1
CD;A2
CE1;B2
CE2;B2
cécité;B2
céder;B2
ceinture;A1
cela;B2
célèbre;A2
célébrer;B1
céleri;B2
célibat;B2
célibataire;A1
cellule;B2
cendrier;B1
censure;B2
cent;A1.1
centaine;B1
centième;B1
centilitre;B2
centime;B1
centimètre;A1
centimètre carré;A1
central;B1
centrale;B2
centre;A1
centre aéré;B2
centre commercial;A1
centre d'accueil;B2
centre d'apprentissage;B1
centre de formation;B1
centre de sécurité sociale;B2
centre des impôts;B1
centre d'intérêt ;B2
centre-ville;A1
cependant;B1
cercle;B1
céréales;B1
cérébral;B2
cérémonie;B1
cerf;B2
cerise;B1
cerisier;B1
certain (adj);A1
certainement;A2
certains (n);B1
certificat;B1
certificat de contrôle technique;B2
certificat de travail;B1
certificat médical;B1
certifier;B2
certitude;B2
cerveau;B2
cervical;B2
ces jours-ci;B2
c'est ;A1
c'est pourquoi;B1
chagrin;B1
chagriné;B2
chagriner;B2
chaîne;A1
chaîne (de montagne);B2
chaise;A1.1
châlet;B2
chaleur;B1
chambre;A1.1
chambre des députés;B1
chambre d'étudiant;B1
chambre d'hôte;B1
champ;A1
champagne;B2
champion;B1
championnat;B1
change;A1
changeant;B2
changement  ;B1
changer;A1
changer d'adresse;A2
chanson;A2
chant;B2
chanter;A1.1
chanteur;A2
chapeau;A1
chaque;B1
charcuterie;B1
charcutier;A2
charge;B2
charger;B1
charges;B2
chariot;B1
chasse;B2
chasser;B2
chasseur;B2
chat;A1.1
châtaigne;B2
châtaignier;B2
châtain;B1
château ;B1
chaud;A1.1
chauffage;A1
chauffer;B2
chauffeur;B1
chaussette;A1
chausson aux pommes;B2
chaussons;B2
chaussure;A1.1
chauve;B1
chef (patron) (sauf Prim);A1
chef de cabine;B2
chef de service;B2
chef d'entreprise;B1
chef d'Etat;B1
chef d'orchestre;B2
chef du personnel;B2
chemin;A1
chemise;A1.1
chemise de nuit;B2
chemisier;B2
chêne;A2
chenille;B2
chèque;A1
chèque postal;B2
chèque-voyage;B2
chéquier;B2
cher;A1
chercher;A1
chercher (-du/un travail);A2
chercher à ;B1
cheval;A2
cheveu;A1.1
chèvre;B2
chevreuil;B2
chiant;B2
chic;A2
chicon;B2
chien;A1.1
chiffre;A2
chimie;B1
chimique;B2
chinois;B1
chips;B2
chirurgical;B1
chirurgie;B1
chirurgien;A1
chlore;B2
choc;B2
chocolat;A2
chœurs;B2
choisir;A1
cholestérol;B2
chômage;A1
chômeur;A2
chope;B2
choquer;B1
chorale;B2
chorizo;B2
chou;B1
chouette;B2
chou-fleur;B2
chrétien;B2
christianisme;B2
chromosome;B2
chronique;B2
chrysanthème;B2
chuchoter;B2
chute;B1
cicatrice;B2
cigare;B1
cigarette;A1
cigogne;B2
cil ;B2
ciment;B2
cinéma;A1.1
cinématographique;B2
cinquantaine;B2
cinquième;B2
circonférence;B2
circuit;B1
circulaire;B2
circulation;A2
circuler;B1
cirque;A2
ciseaux;A1
citadin;B2
citation;B2
cité;B1
cité universitaire;B1
citer;B2
citoyen;A1
citron;B2
citronnier;B2
clair;A2
clairière;B2
clandestin;B1
clarinette;B2
clarinettiste;B2
clarté;B2
classe;A1.1
classé;B1
classe politique;B2
classer;B1
classeur;B1
classification;B2
clavicule;B2
clavier;B2
clé;A1
clémentine;B2
client;A1
clientèle;B1
clignotant;B1
climat;A2
climat social;B2
climatisation;B2
clinique;A1
cloche;B2
clore;B2
clôture;B2
club;A1.1
CM1;B2
CM2;B2
coach;B1
coca;B2
cocher (v.);A2
cochon;A1
cocker;B2
cocotier;B2
cocotte;B2
code  ;B1
code postal;A1
coefficient;B2
coeur;A1
coffre;B2
cognac;B2
cognitif;B2
cognition;B2
coiffer (se);A1
coiffeur;B2
coin;B1
coïncider;B2
col;B2
colère;A2
coléreux;B2
colin;B2
colis;A1
collaborateur;B2
collant (n.);A1
colle (n.);A1
collectif (adj. et nom);B1
collection;B1
collectionner;B1
collectivisme;B2
collectivité;B2
collège (sauf PRrim);A1
collègue;A1
coller;A2
colline;B2
colocataire;B1
colonne vertébrale;B2
colorant;B1
coloration;B2
coloré;B1
colorer;B2
colorier;B2
coloris;B2
coma;B2
combien;A1.1
combinaison;B2
combiné;B2
combiner;B2
combustion;B2
comédien;A2
comité d'entreprise;B1
commander;A2
comme;A1
comme il faut;B2
commencement;B2
commencer;A1.1
commerçant;A2
commerce;A1
commercial;B2
commissaire;B1
commissaire de bord;B2
commissaire de police;B2
commissariat de police;A1
commode;B2
communal;B2
communautaire;B2
communauté;B2
commune (n);B1
communication;B1
communiquer;B1
communisme;B2
communiste;B1
commutativité;B2
compagne;B1
compagnon;A1
comparatif;B2
compartiment;B2
compétence;B1
compétent ;B1
compétition;A2
complément;B1
complet;A1
compléter;A2
compliqué;B1
comportement;B1
composante;B2
composer (se);B1
composition;B2
composter;B1
compréhension;B1
comprendre;A1.1
compresse;B1
comprimé;A2
compris;B1
comptant;B2
compte;A2
compte (bancaire);B2
compte chèque postal (CCP);B2
compte épargne;B2
compter;A1
comptoir;B1
comté;B1
concéder;B2
concentration;B2
concentré;B2
concentrer;B2
concept;B2
concepteur;B2
conception;B2
conceptualiser;B2
concerner;B2
concert;A1.1
concession;B2
concevoir;B2
concierge;B2
conciliant;B2
concilier;B2
conclure;B1
conclusion;B1
concours;A2
concret;B1
concubin;B2
concubinage;B2
concurrent;B2
condamnation;B2
condamner;B2
condiment;B2
condition;B1
conditionnel;B1
conditions de travail;B1
conducteur;B1
conduire;A2
conduite;B2
cône;B2
confection;B2
confession;B2
confiance;B1
confiant;B1
confier;B2
confirmer;B1
confit;B2
confiture;B1
conflit;B1
conforme;B2
conformité;B2
confort;B1
confortable;A2
congé de maladie;B1
congelé;B2
congeler;B2
congénital;B2
congés;B2
conjoindre;B2
conjointement;B2
conjonction;B2
conjoncture;B2
conjugaison;A1
connaissance;A2
connaissance de l'environnement;B2
connaître;A1.1
connecter (se);A2
connexion;B2
conscience;B1
consécutif à;B2
conseil;A2
conseil fédéral;B2
conseil national;B2
conseiller;B2
conséquence;B1
conservateur;B1
conserve;B1
conserver;B1
considérable;B2
consigne;B1
consistance;B2
consoler;B2
consommateur;B1
consommation;B1
consommer;B1
constamment;B2
constant;B2
constante;B2
constater;B1
consternation;B2
constituant;B2
constituer;B2
constitution;B1
construire;B2
consulat;A2
consultation;A1
consulter;B2
contact;B1
contacter;A2
contagieux;B1
contagion;B2
contamination;B2
contemporain;B1
contenance;B2
contenir;B1
content;A1
contenter (se);B2
contester ;B2
continent;A2
continental;B1
continu;B1
continuation;B2
continuel;B2
continuellement;B1
continuer;A1
continuité;B2
contracter;B2
contrarié;B2
contrarier;B2
contrariété;B2
contrat;A2
contrat à durée déterminée (CDD);B2
contrat à durée indéterminée (CDI);B2
contrat de droit privé;B2
contrat de travail;B1
contravention;B1
contre;B1
contreplaqué;B2
contribuer;B2
contribution;B2
contrôle;A2
contrôle antipollution;B2
contrôle d'identité;B1
contrôle technique;B2
contrôler;A2
contrôleur;B1
convaincre;B1
convalescence;B2
convalescent;B2
convenir;B2
convention;B2
convenu;B2
convergence;B2
conversation;A1
convexe;B2
coordonnées;B2
copain/copine;A1.1
copie conforme;B1
copier;A2
copieux;B2
copine;A1
copropriétaire;B2
co-propriété;B2
coq;B1
coq au vin;B2
coqueluche;B2
coquillages;B1
coquille;B2
coquille Saint-Jacques;B2
coquillettes;B2
corbeau;B2
corde(s);B2
corn-flakes;B2
cornichon;B1
corporel;B2
corps;A1
corpulence;B2
correct;A2
correction;A2
correspondance;A1
correspondant;B1
correspondre;B1
corriger;A1
corriger (se);B2
cortège;B2
costume;B2
côte;A2
côté;B1
côté couloir/fenêtre;B2
côté cour;B2
cote de popularité;B2
côté jardin;B2
coteau;B2
côtelette;B2
coter;B2
côtes-du-Rhône;B2
côtier;B2
cotisation;B2
cotisations sociales;B2
cotiser;B2
coton;A1
coton-tige;B2
cou;A2
couche;B2
couché;A1
couché (être - );A2
coucher (se);A1.1
couchette;B2
coude;B2
couette;B1
couler;B2
couleur;A1.1
couleuvre;B2
coulisse;B2
couloir;A2
coup;A2
coupe;B2
couper;A2
couper (se);A2
couper les cheveux (se faire);B2
couple;A1
coupon;B2
coupure;B1
cour;A2
courage;A1
courageux;A2
couramment;B1
courant;B1
courbe;B1
courbé;B2
courber (se);B2
coureur;B2
courir;A1.1
courriel;A1
courrier;A1
courrier électronique;B2
cours;A1.1
cours de dessin;A1.1
cours élémentaire;B2
cours moyen;B2
cours préparatoire;B2
course;A2
course à pied;B2
courses (faire des - );A2
courses (faire les -);A1.1
court;A1
court métrage;B2
couscous;A2
cousin;B2
coût;B1
couteau;A1
coûter;A1.1
couture;B2
couvent;B2
couvert;B2
couverts;A2
couverture;B2
couverture sociale;B2
covoiturage;B1
crabe;B1
craie;B2
craindre;B2
crainte;B2
craintif;B2
crâne;B2
crânien;B2
crayon;A1.1
crayons de couleur;A1
créatif;B2
créativité;B2
crèche;A1
crédits;B2
créer;A2
crème;A1
crème à raser;B2
crème fraîche;B2
crémerie;B1
crémeux;B2
crémier;B2
crêpes;A2
crépu;B2
crépuscule;B2
crever;B2
crevettes;A2
cri;B1
crier;B1
crise;A1
cristal;B2
cristalliser;B2
critère;B2
critiquer;B1
crocodile;B1
croire;A1
croisé;B2
croisement;B2
croisière;B1
croissance;B1
croissant;A1.1
croître;B2
croix;B1
croyance;B2
croyant;B2
cru;B1
cruauté;B2
crucial;B2
cruel;B2
crustacé;B2
cube;B1
cube (mètre cube);B2
cubique;B2
cueillette;B2
cueillir;B2
cuillère;A1
cuillerée;B2
cuir;A1
cuire;A2
cuisine;A1.1
cuisiner;A2
cuisinier;B1
cuisinière;A1
cuisse;B2
cuisson;B1
cuit;B2
cuit (bien);B1
cuit à l'eau;B2
cuivre;B2
cuivré;B2
cul;B2
culotte;B2
culpabilité;B2
culte;B2
cultiver;B1
culture;B1
culture/ culturel;A2
curé;B2
curieusement;B2
curieux;B1
curiosité;B1
curriculum vitae (CV);B1
curry;B2
cybersécurité;B2
cycle;B2
cylindre;B2
cylindrique;B2
cyprès;B2
d'abord;A1
d'accord;A1
dames;B2
danger;A1
dangereux;B1
dans;A1.1
dans le bon sens;B2
dans le mauvais sens;B2
dans le passé;B2
dans quelques instants;B1
dans un premier temps;B1
danse;A2
danser;A1.1
danseur;A2
d'après;B1
date;A1
date de naissance;A1.1
date de validité;B1
datte;B2
dattier;B2
d'aujourd'hui;B2
dauphin;A2
daurade;B2
d'autre part;B2
davantage;B1
de ce côté-ci;B2
de ce côté-là;B2
de façon à ;B2
de force;B2
de moins;B2
de nos jours;B2
de nouveau;B2
de plus;B1
de temps en temps;B1
de travers;B2
de ville;B2
de…à…;A1
DEA;B2
débarquer;B2
débarras;B2
débat;B1
déboucher;B2
debout (être -);B1
débranchement;B2
débrancher;A2
débrouiller (se);B1
début;A2
débutant;A2
débuter;B2
décamper;B2
décédé;B2
décéder;B2
décembre;A1.1
déception;B2
décès;B1
décevoir;B1
décharger;B1
déchet;B1
déchetterie;B2
déchirer un muscle/tendon (se);B2
déchirure;B2
décider;A1
décimal;B2
décimètre;B2
décisif;B2
déclamer;B2
déclaration;A2
déclarer;A2
déclinaison;B2
décolorer;B1
décommander;B2
déconcertant;B2
déconcerter;B2
décoration;B1
décorer;B1
découler;B2
découper;B2
découragement;B2
découvrir;A2
décret;B2
décreter;B2
décrire;A2
décrochage;B2
décrocher;B1
décroissant;B2
décroître;B2
déçu;B1
dedans;A1
déductif;B2
déduction;B2
déduire;B1
défaire;B2
défaut;B1
défendre le pouvoir d'achat;B2
défier;B2
défilé;B2
défiler;B2
définir;B2
définitif;B2
définition;B2
définitivement;B1
dégagement;B2
dégager;B2
dégourdi;B2
dégoût;B1
dégoûtant;B1
dégoûté;B1
dégoûter;B1
degré ;A1
déguerpir;B2
déguisé;B1
déguisement;B1
déguster;B2
dehors;A1
déjeuner (n. + v.);A1.1
délégué syndical;B1
délicatement;B1
délicatesse;B2
délicieux;A2
délinquant;B2
délivrer;B1
delta;B2
demain;A1.1
demande;A2
demande d'asile;B2
demande d'emploi;B1
demander;A1.1
demandeur d'asile;B1
demandeur d'emploi;B1
démarche;B2
démarrage;B2
démarrer;B1
déménagement;A2
déménager;A2
démentir;B2
demeurer;B1
demi;A1
demi-douzaine;B2
demie;B2
demi-finale;B2
demi-frère/sœur;B1
demi-heure;A2
demi-pension;B1
demi-pression;B2
démission;B1
démissionner;B2
demi-tour;B1
démocrate;B2
démocratie;A1
démodé;B2
démonter;B1
dénombrement;B2
dénombrer;B2
dénommer (se);B2
dénoncer;B2
dénonciation;B2
denrée;B2
densité;B2
dent;A1
dentaire;B2
dentier;B2
dentifrice;A1
dentiste;A1
déodorant;B1
dépannage;B1
dépanner;B1
dépanneuse;B2
départ;A1.1
département;A2
départemental;B2
dépassement;B2
dépasser;B1
dépêche;B2
dépenser;B1
dépité;B2
déplacement;B1
déplacer (se);B1
déplaire;B2
déplorable;B2
déposer (un dossier);B1
dépôt;B2
déprécier;B2
dépressif;B2
dépression;B1
déprime;B2
déprimé;B1
déprimer;B2
depuis;A1
député;A1
déranger;B1
dérisoire;B2
dérivée;B2
dermatologie;B2
dermatologique;B2
dermatologue;B2
dernier;A1.1
déroulement;B2
dérouler (se);B2
déroutant;B2
dérouter;B2
derrière;A1.1
dés;B2
désaccord;B1
désagréable;B1
descendant;B2
descendre;A1.1
descente;B1
désert;A2
désertique;B1
désespéré;B1
désespérer;B1
désespoir;B1
déshabiller (se);B1
désignation;B2
désigner;B2
désodoriser;B2
désordonné;B1
desséché;B2
dessécher;B2
dessert;A1.1
dessin;A1.1
dessinateur;B2
dessiner;A1
dessous;B1
dessous de verre;B2
dessus;B1
destinataire;A2
destination;B1
destruction;B1
détaché;B2
détacher;B1
détail;B2
détaler;B2
détendre (se);B2
détente;B2
détergent;B2
déterminant;B2
détester;A2
détour;B2
détourner (se);B2
détourner les yeux/le regard;B1
détresse;B2
détruire;B1
deux;A1
deuxième;A1
dévaler;B2
devant;A1.1
développement  ;B1
développement durable;B1
développer;B1
devenir;A2
déviation;B2
deviner;B1
devinette;B2
devoir (verbe);A1.1
devoirs (les);A1
dévorer;B2
d'habitude;B1
diabète;B2
diabétique;B2
diagnostic;B2
diagonale;B2
diagramme;B2
dialecte;B2
dialogue;A2
diamètre;B2
d'ici (+ temps);B2
dictature;B1
dictionnaire;A1
diesel;B2
diététique;B1
différence;A1
différent;A1
difficile;A1.1
diffuser;B2
diffusion;B2
digérer;B1
digestif;B1
digestion;B1
digicode;B2
digital;B2
digue;B2
diluer;B2
dimanche;A1.1
dimension;B1
diminuer;B1
dinde;B2
dindon;B2
dîner (n. + v.);A1.1
diplôme;A1
dire;A1.1
direct;A2
directeur (sauf Prim);A1
directeur des ressources humaines (DRH);B2
direction;A1
direction des ressources humaines;B2
diriger (se);B1
discernable;B2
discerner;B2
discipline;B2
discothèque;A2
discours;B1
discret;B1
discrétion;B1
discursif;B2
discussion;B1
discuter;A2
disjoindre;B2
disjoint;B2
disjonction;B2
disparaître;B1
disparition;B1
disperser;B2
disponibilité;B2
disponible;A2
disposer;B2
disposition;B2
dispute;B2
disputer (se);B1
disque;B2
dissertation;B2
dissoudre;B2
distance;A2
distancer;B2
distant;B2
distinction;B2
distinguer;B2
distraction;B2
distraire (se);B1
distrait;B1
distribuer;B1
distributeur;A1
distribution;B1
divan;B1
divers;B2
divisible;B2
division;B1
divorce;A2
divorcé;A1
divorcer;A2
dix;A1
dixième;B2
dizaine;A1
docile;B2
docilité;B2
docteur;A1.1
doctorat;B1
document;B2
documentaire;B1
doigt;A1
dollar;A2
domestique (adj.);A2
domicile;A2
dominer;B2
dominos;A2
don;B1
donc;B1
données;B2
donner;A2
donner à manger;A2
donner un conseil;A2
doré;B1
dormir;A1
dos;A2
dossier;A2
douane;A1
douanier;B1
double;B1
doubler;B1
doucement;A2
douceur;B1
douche;A1.1
doucher (se);A1
doué;B2
douleur;B1
doute;B1
douter;B1
doux;A1
douzaine;A1
drague;B2
draguer;B2
dramatique;B1
drap;B1
droit (adj.);A2
droite (n.);A2
droite, à droite;A1.1
droitier;B2
droits;A2
droiture;B2
drôle;A2
du jour;B2
d'un autre côté;B1
d'un autre coté ;B1
d'un côté;B1
d'un coté ;B1
d'un moment à l'autre;B2
d'un seul coup;B2
dune;B2
d'une part;B2
duo;B2
duplex;B2
duplicata;B2
dur;A1
durant;B2
durée;B1
durée de validité;B2
durer;A2
dureté;B2
duty-free;B2
duvet;B2
DVD;A2
dynamique;B1
dynamisme;B2
eau;A1.1
eau gazeuse;B1
eau minérale;B1
éblouir;B2
éblouissement;B2
éboueur;B2
écailler;B2
écart;B2
échalote;B2
échange;B2
échanger;A2
écharpe;A2
échec;B1
échecs;A2
échelle;B2
échographie;B2
échouer;B1
éclair;B2
éclaircir;B2
éclatant;B2
éclater;B1
écluse;B2
école;A1.1
école maternelle;B1
école primaire;B1
école secondaire;B1
écologie;A1
économie;A1
économique;A1
économiser;B1
écosystème;B2
écouler (s');B2
écoute;B2
écouter;A1.1
écouteur;B2
écran;B2
écraser;B2
écrevisse;B2
écrire;A1.1
écriture;B2
écrivain;B1
écumoire;B2
écureuil;B2
éditer;B2
édition;B1
éditorial;B2
éducation;B1
éduquer;B1
effaceur;B2
effet;B1
efficace;B2
effort;B1
effronté;B2
effronterie;B2
égal;A2
égaler;B2
égalité;A1
égaré;B2
égarer;B2
église;A2
égocentrique;B2
égocentrisme;B2
égoïsme;B1
égoïste;B1
égoutter;B2
égouttoir;B2
élaborer;B2
élancer;B2
élasticité;B2
élastique;B2
électeur;B2
élection;A1
élections;B2
électoral;B1
électricien;B2
électricité;A1
électrique;B2
électro-;B2
électroménager;B2
électron;B2
électronique;A1
élégant;A2
élément;B1
élémentaire;B2
éléphant;A1
élevage;B2
élève;A1.1
élever;B1
éliminatoires;B2
éliminer;B2
élire;A2
éloigné;B1
éloignement;B2
éloigner (s');B1
élu;B1
e-mail (sauf Prim);A1
emballer;B2
embarquer;B2
embarrassé;B2
embarrasser;B2
embauche;B2
embaucher;B2
embêter;B2
embouchure;B2
embouteillage;B1
émerveillé;B2
émettre;B2
émeute;B2
émigrant;B2
émigration;B2
émigrer;B1
émission;A2
emménagement;B2
emménager;B1
emmener;A2
emmenthal;B2
empereur;B2
empester;B2
empiler;B2
empirique;B2
emplacement;B1
emploi;A2
emploi-jeune;B2
employé;A2
employer;A2
employeur;B1
emporté;B2
emporter;A2
emporter (s');B2
empoté;B2
emprunt;B1
emprunter;B1
ému;B1
en;A1
en action;B2
en aller ( s');B1
en amont;B2
en arrière;B1
en aval;B2
en avant;B1
en bas;A2
en bas de;B1
en bonne santé;A2
en cas de;B2
en ce moment;B1
en ce temps-là;B2
en concubinage;B2
en conséquence;B2
en conserve;B2
en dehors de;B2
en dernier lieu;B2
en désordre;B2
en différé;B2
en direction de;B1
en face;A1
en fin de compte;B2
en forme;B2
en haut;A2
en l'air;B1
en ligne (sauf Prim);A1
en liquide;B2
en même temps;A1
en même temps que;B2
en morceaux;B2
en permanence;B2
en plus;B2
en premier lieu;B2
en principe;B2
en promotion;B2
en rang;B2
en recommandé;B2
en règle;B2
en travers;B2
en un clin d'œil;B2
en un rien de temps;B2
en vue de;B2
en zigzag;B2
encadrement (management);B2
encadrer;B2
encaisser;B2
enceinte;B2
enchanter;B2
encore;A1.1
encourager;B1
endive;B2
endormir;B1
endroit  ;A1
endroit (à l');B1
énergétique;B2
énergie;B2
énergique;B1
énervé;B1
énervement;B1
énerver;B1
enfance;B1
enfant;A1.1
enfant adoptif;B2
enfant légitime;B2
enfants (avoir des - );A2
enfin;B1
enfoncer (s');B2
engendrer;B2
engloutir;B2
engueulade;B2
engueuler;B2
énième;B2
enjeu;B2
enlèvement;B2
enlever;A2
enneigé;B1
ennemi;B1
ennui;B1
ennuyant;B1
ennuyé;B1
ennuyer;B1
ennuyeux;B1
énorme;B1
enquête;B1
enregistrement (à l'aéroport);A1
enregistrer;A2
enrhumé;B1
enseignant;B2
enseignement  ;B1
enseigner;A2
ensemble;A2
ensoleillé;B1
ensuite;B1
entasser;B2
entendre;A1.1
enthousiasme;B1
entier;A2
entité;B2
entorse;B1
entourer;A2
entraide;B2
entraînement;B1
entraîner (s');B1
entraîneur;B1
entre;B1
entrecôte;B2
entrée;A1
entremets;B2
entrepôt;B2
entreprendre;B2
entreprise;A1
entrer;A1
entretenir;B2
entretien;B1
enveloppe;A1
envelopper;B1
envers (à l');B1
envie;B1
envier;B2
envieux;B2
environ;B1
environnement;B1
environs;B2
envisageable;B2
envisager de;B2
envoi;B1
envoyé spécial;B2
envoyer;A1.1
épagneul;B2
épais;B1
épaisseur;B1
éparpiller;B2
épaule;B1
épée;B2
épeler;A1
épervier;B2
épi;B2
épice;B2
épicé;B1
épicerie;A1
épicier;B2
épidémie;A2
épidémique;B2
épiler (s');B2
épinards;B2
éplucher;B1
éponge;A2
époque;B1
épouse;B1
épouvantable;B2
époux;B1
épreuve;B1
éprouver;B2
épuisé;B1
équateur;B1
équation;B2
équatorial;B1
équidistant;B2
équilibre;B1
équilibré;B1
équipe;A2
équipé;B2
équipement;B1
équitation;B2
équité;B2
équivalence;B2
équivalent;B2
équivaloir à;B2
ère;B2
erreur;A2
escalade;B2
escalader;B2
escalator;B2
escalier;A1
escalier mécanique;B1
escrime;B2
escrimeur;B2
espace;B1
espace fumeur;B1
espace non-fumeur;B2
espadon;B2
espagnol;A2
espèce;B1
espérance;B2
espoir;B1
esprit;B1
esquimau;B2
essayer;A1
essence;A1
essentiel;B1
essentiellement;B2
essui(e );B2
essuie-glace;B2
essuyer (s');B1
est;A1
esthéticien;B2
estime;B2
estimer;B1
estival;B2
estomac;A2
estrade;B2
estuaire;B2
et;A1.1
établissement;B1
étage;A1.1
étalage;B2
étaler (s');B2
étang;B1
étant donné que;B1
Etat;A2
état;A1
état civil;A1
été (n.);A1.1
éteindre;A2
étendre sur (s');B2
éternel;B2
éternellement;B2
éternité;B2
éternuement;B2
éternuer;B1
étoile;B1
étonnant;B1
étonnement;B1
étonner ;B1
étonner (s');B1
étrange;A2
étranger ( adj. );A2
étranger (n.);A2
étrangeté;B2
être;A1.1
être (n.);A2
être âgé de;B2
être causé par;B2
être élu;B2
être employé;B2
être employé (chez/par);B1
être en;B2
être en ballotage;B2
être en bonne santé;B1
être en forme;B1
être en forme de;B2
être en position;B2
être humain;B1
être inscrit;B2
être malade;B2
être provoqué par;B2
être stable;B2
être sur le point de + Vinf;B2
être une partie de;B2
être utile à;B2
étroit;B1
étroitesse d'esprit;B2
études;A2
étudiant;A1
étudier;A1
euro;A2
Europe;A2
européen (n. + adj.);A2
Eurostar;B2
évaluer;B1
évanouissement;B2
évènement;B1
éventualité;B2
éventuel;B2
éventuellement;B2
évêque;B2
évident;B2
éviter;B1
évoluer;B1
évolution;B1
exact;A2
exactement;B1
exactitude;B2
exagération;B2
exagérer;B1
examen;A1
examens;B2
examiner;A2
exaspéré;B2
excellent;A2
excepté;B2
excepter;B2
exception;B1
exceptionnel;A2
excès;B2
excité;B1
exciter;B2
exclamation;B2
exclamer (s');B1
exclure;B2
exclusion;B2
excursion;B1
excuser (s');B2
exécrable;B2
exécuter;B2
exécutif;B2
exercer (s');B1
exercice;A1.1
exiger;B1
existant;B2
existence;B2
exister;B1
exorbitant;B2
expédier;B2
expéditeur;A2
expédition;B2
expérience  ;B1
expérience professionnelle;B1
expérimental;B2
expérimenter;B1
expertise;B2
explication;A1
expliquer;A1
exploit;B1
exploitant agricole;B2
exploitation;B2
exploitation agricole;B1
exporter;B1
exposé;B2
exposer;B1
exposition;A2
express;A2
expresso;B2
exprimer (s');B1
expulser;B2
extérieur;A1
externe;B2
extraire;B2
extraordinaire;A2
extrême droite;B1
extrême gauche;B1
extrémiste;B2
extrémité;B2
fabrique;B2
fabriquer;B2
face;A1
face (en);A1
fâché;B1
fâcher (se );B1
facile;A2
facteur;B1
facture;A2
facultatif;B2
fade;B2
fadeur;B2
faible;A1
faiblesse;B1
faim;A1
faire ;A1.1
faire (+ durée ou mesure);B2
faire (se);B2
faire à dîner;B2
faire attention;A2
faire bouillir;B1
faire carrière;B2
faire connaissance;B1
faire couper les cheveux (se);B1
faire cours;B1
faire cuire;A2
faire de la monnaie;B2
faire demi-tour;B2
faire échec;B2
faire fondre;B1
faire frire;B1
faire grève;A2
faire griller;B1
faire la cuisine;B1
faire la vaisselle;B1
faire la valise;B2
faire la vidange;B2
faire le plein;A2
faire le tour;B1
faire les courses;A2
faire mal;A2
faire marche arrière;B2
faire match nul;B1
faire naturaliser (se);B2
faire partie de;A2
faire souffrir;B1
faire un mouvement;B1
faire un rapport;B2
faire une demande de;B1
faire une pause;B2
faire une piqûre;B1
faire une piqûre;B2
faire une radio;B2
faisan;B2
faisceau;B2
fait  ;B1
fait divers;B1
falaise;B2
falsifié;B2
familal;B1
famille;A1.1
famille nombreuse;B1
fan;B1
farine;A2
fascisme;B2
fasciste;B2
fatigant;B1
fatigué;B1
fatiguer;B2
faubourg;B2
faucon;B2
faune;B2
faute;A2
fauteuil  ;B1
fauteuil roulant;B1
faux (adj.);A1.1
faux (adj.) ;B1
fax;A2
faxer;B1
fédéral;B2
fédération;B2
félicitation;B1
féliciter ;A2
femelle;B1
féminin;A1
femme;A1.1
femme de chambre;B2
femme de ménage;B2
fémur;B2
fendant;B2
fenêtre;A1.1
fer;A2
fermé;A2
ferme (adj);B2
ferme (n.);A2
fermement;B2
fermer;A1.1
fermeté;B2
fermeture;A2
ferry;B2
fesses;B1
fessier;B2
festival;A2
fête;A1.1
fête (faire la - );A2
feu;A1
feu arrière;B2
feuille;A1.1
feuille d'accident;B2
feuille de maladie;B1
feuille de paie;B2
feuille de soins;B1
feutre;B1
février;A1.1
fiançailles;B1
fiancé;B1
fiancer (se);B2
fiasco;B2
fiche;A1
ficher le camp;B2
fichier;B1
fidèle;B2
fidélité;B2
fier;B1
fierté;B1
fièvre (avoir de la - );A2
fiévreux;B1
figue;B2
figuier;B2
figure;B2
figurer;B2
filet;B2
filial;B2
filière;B2
fille;A1.1
film;A1.1
fils;A1.1
filtre;B2
fin;A1.1
final;B1
finale;B1
finalement;B1
finaliste;B2
finalité;B2
finance;B1
financier;B1
finir;A1.1
fixé;B2
fixer;B1
flacon;B2
flan;B2
flanc;B2
fleur;A1.1
fleuriste;A2
fleuve;A1
flexibilité;B2
flexible;B2
flirt;B2
flirter;B2
flocons d'avoine;B2
flop;B2
flore;B2
flou;B1
fluctuation;B2
flûte;B1
fluvial;B2
foie;B2
foie gras;B2
fois;A1.1
folie;B1
foncé;A2
foncer;B2
fonction;B1
fonction publique;B2
fonctionnaire;B1
fonctionnalité;B2
fonctionnel;B2
fonctionner;B2
fond;B1
fondamental;B2
fondateur;B2
fondement;B2
fonder;B2
football;A1.1
footballeur;B2
force;A2
forcé;B2
forces de l'ordre;B2
forestier;B2
forêt;A1.1
forêt-noire;B2
forfait hospitalier;B2
formalité;B1
formalités;B2
formation;B1
formation continue;B2
formation en alternance;B2
formation initiale;B2
forme;A1
forme (avoir la - de);A2
former (se);B1
formidable;A2
formulaire;A1
formule;B2
fort (adj.);A1
fort (adv.);A2
forum;B1
fossé;B2
fou;B1
fouiller;B2
foulard;B1
foule;B1
fouler(se);B2
foulure;B2
four;B2
fourchette;A1
fourgon;B2
fourgonnette;B2
fournir;B1
fourrière;B2
fourrure;B2
foyer;B2
fraction;B2
fracture;B1
fracturer (se);B2
fragile;A2
fragilité;B1
fragment;B2
fraîcheur;B1
frais;A2
fraise;B2
framboise;B2
framboisier;B2
franc;B2
franc suisse;B2
français (n. + adj.);A1.1
franchir;B2
franchise;B2
franchissement;B2
francophone;B1
frappant;B2
fraternel;B2
fraternité;A1
freinage;B2
freiner;B1
fréquence;B1
fréquent;B2
fréquentation;B2
frère;A1.1
friable;B2
frigidaire;B1
frigo;A1
frigorifié;B2
frire;B2
frisé;B1
frisée;B2
frisquet;B2
frit;B2
frites;A2
friteuse;B2
friture;B2
froid (adj.);A1.1
froid (n.);A2
froisser;B2
fromage;A1.1
fromage à raclette;B2
fromage blanc;B1
front;B1
frontal;B2
frontière;A1
frotter;B2
fruit;A1.1
fruit sec;B2
fruité;B2
fruitier;B2
fruits de mer;B1
fumé;B1
fumée;A2
fumer;B1
fumeur;A1
fusil;B2
fusion;B2
futur;A2
gagnant;B1
gagner;A1.1
gai;A2
gaieté;B2
gain;B2
galerie;B2
galop;B2
gant;A1
gant de toilette;B2
garage;A1
garagiste;B1
garantir;B2
garçon;A1.1
garde à vue;B1
garde-frontière;B2
garder;A1
garderie;B1
gardien;B2
gardien de la paix;B2
gare;A1.1
gare d'arrivée;B2
gare maritime;B2
gare routière;B2
garer (se);B1
garnir;B2
gaspillage;B1
gastrique;B2
gastro-entérite;B2
gâteau;A1.1
gauche;A1.1
gaucher;B2
gaucherie;B2
gaz;A1
gazelle;B2
gazeux;B2
gazole;B1
gazon;B2
géant;B2
gel;B2
gel-douche;B2
gelé;B1
gelée;B2
gélule;B1
gendarme;B1
gendarmerie;B1
gendre;B2
gène;B2
gêne;B2
gêné;B2
gêner;B2
généralisation;B1
généraliser;B1
généraliste (med);B2
génération;B2
générer;B2
généreux;B1
générique;B1
générosité;B1
génétique;B2
génial;A2
génie;B1
génisse;B2
genou;A2
genre;B1
gens;A2
gentil;A1.1
gentillesse;B1
géographie;A2
géométrie;B2
géométrique;B2
géophysique;B2
gérant;B1
gésier;B2
geste;A2
gibier;B2
gigantesque;B2
gigot;B2
gilet;B2
girafe;B2
gîte;B1
glace;A1.1
glacé;B1
glace ;A1.1
glacial;B1
glacière;B1
glissant;B1
glisser (se);B1
globe;B1
GN et demi;B2
GN trois quarts;B2
GN un quart;B2
golf;B1
gourde;B2
gourou;B2
goût;A1
goût (avoir bon/mauvais -);A2
goûter (n.);A1.1
goûter (verbe);A1
goutte;A2
gouttes;B2
gouvernement;A1
gouvernemental;B1
gouverner;B1
grâce à;B1
grade;B2
gradins;B2
graduer;B2
grain;B2
graissage;B2
graisser;B2
grammaire;A1
gramme;A1
grand;A1.1
grand magasin;B1
grande école;B2
grande surface;B1
grandes lignes;B2
grandeur;B2
grandir;B1
grand-mère;A1
grand-oncle;B2
grand-père;A1
grands-parents;A2
grand-tante;B2
granit;B2
graphique;B2
gras;B1
gratin;B2
gratuit;A1
grave;A1
gravité;B2
grec;B2
grêle;B2
grenat;B2
grève;A1
gril;B2
grillade;B1
grillé;B1
griller;B1
griller un feu rouge;B2
grimper;B2
grincement;B2
grincer;B2
grippe;A2
grippé;B1
gris;A1
gris (n.);A2
grogner;B2
gronder;B2
gros;A1.1
groseille;B2
grossir;A2
grossissement;B2
groupe;A1
gruyère;B1
GSM;B2
guêpe;A2
guéri;A2
guérir;A2
guérison;B2
guerre;A2
gueuler;B2
guichet;A2
guichet électronique;B2
guide;A2
guillemet;B2
guitare;A1
gymnase;B1
gymnaste;B2
gymnastique;B2
gynécologie;B2
gynécologique;B2
gynécologue;B2
habile;B2
habileté;B2
habillement;B2
habiller (s');A2
habitant;B2
habiter;A1.1
habitude;A2
habituel;B1
habituellement;B1
habituer (s');B1
haché;B2
hachis;B2
haine;B1
haïr;B2
hâlé;B2
hall;B1
hameau;B2
hanche(s);B2
handball;B2
handballeur;B2
handicapé;B1
hangar;B2
harcèlement;B2
hardiesse;B2
hareng;B2
haricots;A2
haricots verts;B2
harmonie;B2
harmoniser (s');B2
hasard (par-);A2
hâter;B2
hâtivement;B2
hausse;B1
haut;A1.1
haut débit;B2
hautes écoles;B2
hauteur;A2
haut-fonctionnaire;B2
hebdomadaire;B1
hébergement;B2
héberger;B2
hectare;B2
hélicoptère;B2
hémisphère (nord/sud);B2
hépatite;B2
herbe;B1
herbes de Provence;B2
héron;B2
hésiter;B1
hêtre;B2
heure;A1.1
heure (être à l' );A2
heureux;A2
hibou;B2
hier;A1
hiérarchie;B2
hi-fi;A1
hindouisme;B2
hindouiste;B2
hippopotame;B2
hirondelle;B2
hisser (se);B2
histoire;A2
hiver;A1.1
hivernal;B2
HLM;B1
hobby;B2
hockey;B2
homard;B2
homme;A1.1
homogène;B2
homologue;B2
honnête;B1
honnêteté;B2
honoraires;B2
honte;B1
honteux;B2
hôpital;A1
horaire(s);A2
horizontal;B1
hormone;B2
horrible;B1
hors de;B2
hospitalier;B2
hospitalisation;B1
hospitaliser;B1
hôtel;A1.1
hôtel de ville;B1
hôtesse;B1
huile;B1
huître;B1
humain;A2
humeur;B2
humide;A1
humidifier;B2
humidité;B1
hydro-;B2
hydrogène;B2
hyène;B2
hygiène;B1
hygiénique;B1
hypermarché;B1
hypocrisie;B2
hypothèse;B1
hyprocrite;B2
ici;A1.1
ici et là;B2
idée;A1.1
identique;B1
identité;A2
idéologie;B2
idiome;B2
il existe GN;B2
il fait (+ adj.);B2
il fait (+ température);B2
il faut;A1
il faut que;B2
il importe que;B2
il se peut;B2
il y a;A1.1
île;A1
île flottante;B2
illégitime;B2
image;B2
imaginer;B1
imam;B1
imbécilité;B2
imitation;B2
imiter;B2
immédiat;B1
immédiatement;B1
immense;B1
immeuble;A1.1
immigrant;B2
immigration;B1
immigré;B1
immigrer;B1
imminent;B2
immobile;B1
immobiliser (s');B2
impact;B1
impair;B1
impasse;B1
imperceptible;B2
impliquer;B2
importance;B1
important;A1.1
importation;B2
importer;A1
impossibilité;B2
impossible;A2
imprévu;B2
imprimante (sauf Prim);A2
imprimer;A1
improbable;B1
impulsif;B2
inacceptable;B1
inadmissible;B2
inapte;B2
inaptitude;B2
inattendu;B2
inaudible;B2
incapable;B1
incassable;B1
incendie;B1
incessant;B2
incident;B2
incliner;B2
inclure;B2
inclus;B1
inclusion;B2
incompétent;B1
inconnue (math);B2
indemnisation;B2
indemnités;B2
indemnités de transport;B2
indépendant;B2
indétectable;B2
index;B2
indicatif;B2
indice;A1
indifférence;B1
indifférent;B1
indiquer;B2
indispensable;B1
indisponible;B2
individu;B1
inductif;B2
induction;B2
induire;B2
industrie;A1
industriel;B1
inégalité;B1
inévitable;B1
inexact;B1
inexistant;B2
infantile;B2
infarctus;B2
infect;B2
infectieux;B2
infection;B2
inférieur;B1
infériorité;B1
infini;B2
infirmerie;A2
infirmier;B1
inflammation;B2
inflation;B2
influence;B2
influenceur;B1
information;A1.1
informatique;A2
informer ;A2
informer (s');B1
infos;A2
infra-;B2
infrastructure;B2
ingénieur (sauf Prim);A2
ingrédient;A2
inintéressant;B2
initial;B1
initiative populaire;B2
injection;B2
injure;B2
injurier;B2
injurieux;B2
injustice;B1
innovation;B2
innover;B2
inoccupé;B2
inodore;B2
inondation;B2
inquiet;B1
inquiétant;B2
inquiétude;B1
insalubre;B2
insalubrité;B2
inscription;A1
inscrire (s');A2
insecte;B2
insignifiant;B2
insipide;B2
insistant;B2
insister;B2
inspecteur;B1
instabilité;B2
instable;B2
installer ;A2
installer (s');A2
instant;B1
instantané;B2
institut;B1
instruire (s');B2
instrument (de musique);A1
instrument à cordes/à vent;B2
instrumentiste;B2
insuffisant;B1
insulaire;B2
insultant;B2
insulte;B1
insulter;B2
insupportable;B1
intelligemment;B1
intelligent;A1
intensité;B2
intention;B1
interdiction;B1
interdire;B1
interdit;A2
intéressant;A2
intéresser à (s');B1
intérêt;B1
intérieur;A1
intérimaire;B2
interlocuteur;B1
intermédiaire (adj);B1
interminable;B2
intermittent;B2
international;A2
internaute;B2
interne;B2
Internet;A1
interpellation;B2
interpeller;B2
interphone;B2
interprétation;B1
interprète;B1
interpréter;B2
interrogatif;B2
interrogation;B1
interrogatoire;B2
interroger;B1
intersection;B2
intervalle;B2
intervenir;B2
intervention;B2
interview;B1
intestin;B2
intestinal;B2
intolérable;B2
intolérance;B2
intonation;B1
intrigué;B2
intriguer;B2
introduction;B2
introduire;B1
inutile;A2
inutilement;B1
inutilisable;B2
inutilité;B2
invalide;B2
invariable;B2
inventer;B1
invention;B1
inverse;B2
invisible;B1
invité;A2
inviter;A1.1
invoquer;B2
iPhone;B1
irakien;A2
iris;B2
irrationnel;B1
irrégulier;B1
irrégulièrement;B2
irritable;B2
irritation;B2
irrité;B1
irriter;B2
islam;B2
Islande;B2
isocèle;B2
isoler;B2
israélite;B2
italien;A2
itinéraire;B2
J.T;B2
jaguar;B2
jalousie;B1
jaloux;B1
jamais;A1.1
jambe;A1
jambon;A2
jambonneau;B2
janvier;A1.1
Japon;B2
japonais;B1
jardin;A1.1
jardin ;A1.1
jardin d'enfants;B1
jardinage;B1
jardiner ;B1
jardinière;B2
jaune;A1.1
jaunir;B1
je t'invite;A1.1
jeans;A1.1
jet;B2
jeter;A2
jeter dans (se);B2
jeu;A1.1
jeu d'adresse;B2
jeu de boules;B1
jeu de cartes;A1.1
jeu de cartes ;A2
jeu de dames;B1
jeu de hasard;B1
jeu de l'oie;B2
jeu de société;A2
jeu électronique;B2
jeu vidéo;A2
jeudi;A1.1
jeune;A1.1
jeune fille;A2
jeune homme;A2
jeunes gens;B2
jeunesse;B1
jeux olympiques;A2
job;A2
jockey;B2
jogging;B2
joie;A2
joindre;B2
joint;B2
joli;A1
jonquille;B2
joue;A2
jouer;A1.1
jouer (à);A2
jouer (de);A2
jouer contre;B1
jouet;A1.1
joueur;A2
joueur de golf;B2
jour;A1.1
jour férié;B2
jour ouvrable;B2
journal;A1.1
journal télévisé;B1
journalier;B2
journaliste;B1
journalistique;B2
journée;A1.1
joyeux;A2
judaïsme;B2
judiciaire;B2
juge;B2
jugement;B1
juger;B1
juif;B1
juillet;A1.1
juin;A1.1
jumeaux;B1
jument;B2
jupe;A1.1
jurer;B2
juron;B2
jus de fruits;A1.1
jus d'orange;A1.1
jusqu'à;B1
jusqu'à ce que;B2
juste;A1
justesse;B2
justice;A1
justifier;B1
kilo;A1.1
kilomètre;A1
kilomètre-heure (km/h);A2
kiosque;B2
kiwi;B2
L (taille);B2
là;A1.1
la plupart;B1
la plupart de;B1
là-bas;A1.1
lac;A1
lacets;B2
lâche;B2
lacune;B2
laine;A1
laineux;B2
laisser;A2
lait;A1.1
lait en poudre;B2
lait entier;B2
laitages;B2
laiterie;B2
laitue;B2
lamentables;B2
lamenter (se);B2
lancer;B1
langage;B1
langouste;B2
langoustine;B2
langue;A1
langue étrangère;A1
langue vivante;A1
langues;A2
lapin;A1
lard;B2
large;A1
largesse;B2
largeur;A1
las;B2
lasagne;B1
lassé;B2
lasser;B2
lassitude;B2
latéral;B2
latin;B2
latino-américain (n. + adj.);A2
latitude;B2
lavabo;B1
lavage;B1
laver (se);A1.1
laver la vaisselle;B2
leçon;A1.1
lecteur  ;B1
lectrice;B2
lecture;A1.1
légale;B2
léger;A1
légiférer;B2
législatif;B2
légitime;B2
légume;A1.1
lendemain;B1
lent;A1.1
lentement;A2
lenteur;B2
lentille;B2
lentille (de contact);B1
lésion;B2
lessive;A2
lettre;A1.1
lettre de motivation;B1
leucémie;B2
levé (être - );A2
levée;B2
lever (se);A1.1
lèvre;A2
lexique;B2
libéral;B1
libéralisme;B1
libérer;B2
liberté;A1
librairie;A2
libre;A2
librement;B1
licence;B1
licenciement;B1
licencier;B1
lien de parenté;B2
lieu;A2
lieu (de naissance);A1
lieu-dit;B2
lièvre;B2
ligament;B2
ligne;A2
ligne continue;B2
lilas;B2
limite;B2
limité;B2
limiter;B2
limonade;B1
lin;B2
linéaire;B2
linge;B2
lingerie;B2
linguistique;B2
lion;A1
liquide;B1
lire;A1.1
lisse;B1
liste;A2
lit;A1.1
litre;A1
littérature;B2
littoral;B2
livre;A1.1
livrer à domicile;B2
livret;B2
local (adj);B1
local (n.) (lieu);B2
local poubelles;B2
localisé;B2
localiser;B2
locataire;A1
locatif;B2
location;A1
locomotive;B2
locuteur;B2
logement;A2
logement social;B2
loger;B1
logiciel;B2
logique;B1
loi;A1
loin;A1.1
loin (de);A2
lointain;B2
loisir;A2
long ;A1
long métrage;B2
longer;B2
longitude;B2
longitudinal;B2
longtemps;A1
longueur;A1
lorsque;B1
losange;B2
lotion;B2
loto;B2
lotte;B2
louange;B2
louche;B2
loucher;B2
louer;A1
loup;B1
lourd;A1
loyal;B2
loyauté;B2
loyer;B1
lu;A2
luge;B2
lumière;A2
lumineux;B1
lundi ;A1.1
lunettes;A1.1
lunettes de soleil;A1.1
lusophone;B2
lutte;B2
luxation;B2
lycée (sauf Prim);A1
lycéen;B2
lys;B2
M (taille);B2
macaroni(s);B2
mâche;B2
machine à laver;A2
macho;B2
mâchoire;B2
maçon;B2
macro-;B2
madame;A1.1
mademoiselle;A1
magasin;A1.1
magazine;B1
magie;B1
magique;B1
magnétoscope;B2
magnolia;B2
mai;A1.1
maigre;A1
maigrir;A2
mail;A2
maillot;B2
maillot de bain;A1.1
maillot de bain ;A1
main;A1.1
maintenant;A1.1
maintenir (se);B2
maire;A2
mairie;A1
mais;A1.1
maïs;B1
maison;A1.1
maison de campagne;B2
maître;A2
maître d'hôtel;B1
maîtresse;B2
maîtrise;B2
majorité;B1
mal (adj.);A2
mal (avoir-);A1
mal de (avoir un -);B2
mal payé;B2
malade;A1.1
malade (n.);A2
maladie;A1
maladie professionnelle;B2
maladresse;B2
maladroit;B1
malaise;B1
mâle;B1
malentendant;B1
malgré;B2
malheureux;A2
malle;B2
malsain;B2
malvoyant;B1
maman;A1.1
mandat;B2
manger;A1.1
manifestation;B1
manifeste;B2
manifester;B1
manifester (se);B2
manipuler;B2
manquant;B2
manque;B2
manqué;B2
manquer;A2
manteau;A1.1
manucure;B2
manuel;B1
maquereau;B2
maquillage;B1
maraîcher;B2
marbre;B2
marbré;B2
marchand de fruits et légumes;A2
marchand de journaux;A2
marché;A1.1
marche (activité);B1
marcher;A1.1
marcheur;B1
mardi;A1.1
mare;B2
marginalisation;B2
marguerite;B2
mari;A1
mariage;A1
marié;A1
marier (se);A2
marin;B2
marin pêcheur;B2
mariner;B2
maritalement;B2
maritime;B2
marketing;B2
marque (substantif);B1
marqueur;B2
marrant;B2
marron (adj.);A2
marron (n.);A2
marronnier;B2
marrons;B2
mars;A1.1
masculin;A1
massage;B1
masse;B2
masseur;B2
massif;B2
mass-media;B2
master;B1
mat;B1
match;A1.1
match aller;B2
matelas;B1
matériau;B2
matériel (substantif);B1
maternel (adj.);A2
maternité;A2
mathématiques;A2
matière;A2
matière (scolaire);A1.1
matière grasse;B2
matin;A1.1
matinée;B1
matrimoinial;B2
mauvais;A1
mauvais goût;B2
mauvaise humeur;B2
mauve;B2
maximum;B2
mécanicien;A2
mécanique;B2
méchanceté;B1
méchant;B1
mécontent;B1
mécontentement;B1
médecin;A1
médecin conventionné;B2
médecin de garde;B2
médecin traitant;B2
médecine  ;B1
médecine générale;B1
média;B1
médiane;B2
médiathèque;B1
médiatique;B1
médiatisation;B2
médical;A2
médicament;A1
médire;B2
médisance;B2
médisant;B2
Méditerranée;B2
méditerranéen;B2
meeting;B2
méfiance;B1
méfiant;B1
méfier (se);B2
meilleur;B1
mél;A1
mélancolie;B2
mélancolique;B2
mélange;B2
mélanger;A2
melon;B2
membre;A2
même;A1
même si;B1
mener;B2
méningite;B2
mensonge;B1
mensonger;B2
mensuel;B1
mental;B2
menteur;B1
mention;B2
mentir;B1
menton;B1
menu;A1.1
menu du jour;B2
mépris;B2
méprisant;B2
mépriser;B2
mer;A1.1
mer du Nord;B2
mercredi;A1.1
mercure;B2
mère;A1.1
meringue;B2
merlan;B2
merveilleux;B2
mesclun;B2
message;A1
messe;B1
mesure;B2
mesuré;B2
mesurer;A1
métal;B1
métallique;B1
météo;A1
méthode;B2
métier;A1
mètre;A1
mètre carré;A1
mètre cube;B1
mètre par seconde;B2
métro;A1.1
metteur en scène;B1
mettre;A1.1
mettre à (se);B1
mettre à la boîte;B1
mettre à la porte;B2
mettre au chômage;B2
mettre au four;B2
mettre debout (se);B1
mettre en marche;B2
mettre en mouvement;B2
mettre en ordre;B2
mettre en place;B2
mettre en valeur;B2
mettre ensemble;B1
mettre la ceinture (de sécurité);B2
mettre la table;B1
mettre le couvert;B2
mettre un pansement;B2
meuble;A2
meublé;B1
miauler;B1
miche;B2
micro-;B2
microbe;B2
microbien;B2
micro-ondes (four à);B1
microscopique;B2
midi;A1.1
mieux;B2
migraine;B2
migrant;B1
migration;B1
mijoter;B2
milieu;B1
militaire;B2
militant;B2
mille;A1
millefeuilles;B2
milliard;B1
millième;B1
millier;B1
millimètre;A2
million;A1
mimosa;A1
mince;A2
minéral;B2
minimiser;B2
ministère;B1
ministériel;B2
ministre ;A1
minitel;B2
minorité;B1
minuit;A1
minuscule;B2
minute;A1.1
mirabelle;B2
mise;B2
mise à l'écart;B2
miser;B2
misère;B1
misogynie;B2
mission;B1
mi-temps;B2
mixeur;B2
mobile;B1
mode;A2
modèle;A2
modem;B2
modération;B2
modéré;B2
moderne;B1
modification;B1
modifier;B2
modifier (se);B1
moelle épinière;B2
moine;B2
moins;A1.1
moins de;A2
mois;A1.1
moite;B2
moiteur;B2
moitié;A1
moka;B2
molécule;B2
mollesse;B2
moment;A1
momentané;B2
monarchie;A2
monastère;B2
monde;A1
monde politique;B2
moniteur;B2
monnaie;A2
monocoque;B2
monoparentale;B2
monsieur;A1.1
mont;B2
montagne;A1.1
montant;B2
montée;B1
monter;A1
montre;A1
montrer ;A2
monument;A2
moquer (se);B1
moquerie;B2
moquette;B2
moqueur;B2
morceau;A2
morphologie;B2
mort (adj.);A1
mort (n.);A2
mortadelle;B2
morue;B2
mosquée;A2
mot;A1.1
mot de passe;A2
moteur;A1
motif;B2
motivation;B1
motivé;B1
moto;A1
motocyclette;B2
mou;A2
mouche;A1
mouchoir;A2
moudre;B2
mouillé;A1
mouiller;B1
moule;B2
moules;A2
mourir;A1
mousse au chocolat;B2
mousseux;B2
moustache;A2
moustachu;B1
moustique;A1
moutarde;B1
mouton;A1
mouvant;B2
mouvement;A2
mouvement religieux;B1
mouvoir (se);B2
moyen;A2
Moyen Age;B2
moyen d'information;B2
moyenne;B1
muguet;B2
multicolore;B1
multicoque;B2
multimédia;B2
multinationale;B2
multiple;B2
multiplication;B1
multiplier;B1
multitude;B2
municipal;B1
mûr;B1
mur ;A2
mûre;B2
muscat;B2
muscle;A2
musculaire;B2
musée;A2
music-hall;B2
musicien;A2
musique;A1.1
musulman;B1
mutation;B2
mutualité;B2
mutuelle;B1
myopathie;B2
myopathique;B2
myope;B2
myopie;B2
myrtille;B2
nager;A2
nageur;B2
nain;B2
naissance;A1
naître;A1
narine;B2
nasal;B2
natation;A2
natif;B1
nation;B1
national;A2
nationale (route);B2
nationalisme;B1
nationalité;A1.1
nationalité (avoir/demander la - + adj );A2
naturalisation;B2
naturalisé;B2
nature;A2
naturel;B1
né;A1
ne faire que;B2
ne pas arrêter de;B1
ne pas avoir;B2
ne pas empêcher;B2
ne pas être dans son assiette;B2
ne pas se sentir bien;B1
nécessaire;A2
négatif;B2
négligeable;B2
négociateur;B2
négociation;B1
négocier;B1
neige;A1
n'empêche que;B2
nerf;B2
nerveux;B1
nervosité;B2
net;B1
nettoyant;B2
nettoyer;A2
neuf;A1.1
neuro-;B2
neurologie;B2
neurologique;B2
neurologue;B2
neuronal;B2
neutre;B2
neveu;A2
nez;A1.1
ni…ni;B1
nicotine;B2
nièce;A2
nier;B2
n'importe où;B1
n'importe quand;B1
n'importe quel;B1
niveau;B2
Noël;A2
noir;A1.1
noir (n.);A2
noircir;B1
noisette;B2
noix;B2
noix de coco;B2
nom;A1.1
nom de famille;A1.1
nom de femme mariée;A2
nom de jeune fille;A2
nombre;A1
nombre (0 à 99);A1.1
nommer;B1
nommer (se);B2
non natif;B2
non titulaire;B2
nonchalant;B2
non-croyant;B2
non-fumeur;B2
non-pratiquant;B2
non-voyant;B1
nord;A1
nord-est;B1
nord-ouest;B1
normal;A1
normalement;B1
normalité;B2
nostalgie;B2
notamment;B2
notation;B2
note;A1
noter;B2
notes de cours;B2
notion;B2
n'oubliez pas (sauf Prim);A1
nouer;B2
nouilles;B2
nourrir;B1
nourrissant;B2
nourriture;B2
nouveau;A1.1
nouvel arrivant;B1
nouvelles;B2
novembre;A1.1
noyau;B1
noyer;B2
nuage;A1
nuageux;B1
nuance;B1
nuit;A1.1
nul;A2
nulle part;B1
nullité;B2
numérique;B1
numéro;A1.1
numéro de compte;B2
numéro de sécurité sociale;B1
nutritif;B2
nutrition;B2
nylon;B2
obèse;B2
objectif;B1
objectif (nom et adj.);B2
objet;A1
objets trouvés;B1
obligatoire;B1
oblique;B2
obliquer;B2
obscur;B2
obscurité;B1
observer;B1
obstacle;B2
obtenir  ;B1
obtenir la nationalité;B1
occasionnel;B2
occasionnellement;B2
occasionner;B2
occupation;B2
occupé;B1
occuper;B2
occuper (s'-de);A2
océan;A1
océan Atlantique;B2
Océanie;A2
océanien;B2
océanique;B2
octobre;A1.1
oculaire;B2
odeur;A1
odorant;B2
odorat;B2
œil;A1
œillet;B2
œuf;A1.1
œuvre d'art;B1
office de tourisme;B1
officiel;B1
offre;B2
offre d'emploi;B1
offre spéciale;B1
offrir;A1
oie;B2
oignon;B2
oiseau;A1
olivier;B2
ombre;B1
omelette;B2
omnibus;B2
omoplate;B2
oncle;A2
onde;B2
ondée;B2
ongle;B1
opéra;B1
opération;A1
opéré;B2
opérer;A2
ophtamologique;B2
ophtamologue;B2
opinion;B1
opportunité;B2
opposer;B2
opposer à (s');B1
opposition;B1
optimisme;B1
optimiste;B1
option;B2
optionnel;B2
or;B1
orage;A1
oral;A1
orange (adj.);A2
orange (n.);A1.1
oranger;B1
orbite;B2
orchestre;B2
orchidée;B2
ordinaire;A2
ordinal;B2
ordinateur;A1
ordonnance;A1
ordonné;B1
ordonner;B1
ordre;B2
oreille;A1
oreiller;B1
oreillons;B1
organe;B1
organisation professionnelle;B1
organisation syndicale;B1
organiser;A1
organisme;B2
organisme génétiquement modifié (OGM);B2
orgueuil;B2
orgueuilleux;B2
orientation;B2
orienter(s');B2
original;B1
originalité;B1
origine;A1
orphelin;B1
orteil;B2
orthodoxe;B1
orthographe;A2
os;B1
oscillation;B2
oser;B2
ôter;B2
oto-rhino-laryngologie;B2
ou;A1
où;A1
ou bien;A2
oublier;A2
ouest;A1
ouïe;B2
ouragan;B2
ours;B2
outils;B1
ouvert;A2
ouverture;A2
ouverture d'esprit;B2
ouvrage;B2
ouvrier;B1
ouvrir;A1.1
ouvrir des négociations;B2
ovale (n. et adj.);B1
oxydation;B2
oxyde;B2
oxygène;B2
pacs;B1
pacsé;B1
pacser (se);B1
paella;B2
paiement;B1
pain;A1.1
pain au chocolat;B1
pain aux raisins;B2
pain complet;B2
pain de campagne;B2
pair;B1
paire;B1
paix;A1
palace;B2
palais;B2
pâle ;B1
palper;B2
pamplemousse;B2
pancréas;B2
panier;B1
panique;B2
panne;A2
panne sèche;B2
panneau  ;B1
panneau d'affichage;B1
pansement;B1
panser;B2
pantalon;A1.1
panthère;B2
pantoufles;B2
papa;A1.1
Pape;B2
papeterie;B1
papier;A1.1
papier hygiénique;B2
papier peint;B1
papiers (identité);A1
papier-toilette;A2
papoter;B2
paprika;B2
Pâque juive;B2
paquerette;B2
Pâques;A2
paquet;A1
par;A1
par à-coups;B2
par ailleurs;B2
par alliance;B2
par conséquent;B2
par endroits;B2
par hasard;B2
par ici;B1
par intermittence;B2
par là;B1
par là-bas;B2
par moment;B1
par périodes;B2
par terre;B1
paraître;B2
parallèle;B2
paramètre;B2
parapluie;A1
parc;A1.1
parc d'attractions;B1
parc de stationnement;B2
parce que;A1
par-ci par-là;B2
parcourir;B2
parcours;B2
par-derrière;B2
par-dessous;B2
par-dessus;B2
par-devant;B2
pardon;A1
pare-brise;B2
pare-chocs;B2
pareil;A1
parent;A1.1
parent proche;B2
parental;B1
parenthèse;B2
parents adoptifs;B1
parents biologiques;B1
parfait;A1
parfois;B2
parfum;A1
parfum de;B1
parfumé;A2
parfumer;A2
pari;B2
parka;B2
parking;A1
parlant;B2
parlé;A2
parlement;B1
parlementaire;B1
parler;A1.1
parole;B1
parquer (se);B2
parquet;B2
part;B1
partage;B1
partager;B1
partenaire;B2
partenariat;B2
parti (n.);B1
participant;B1
participer;A2
particule;B2
particulier;B2
particulièrement;B2
partie;A2
partiel;B2
partir;A1.1
partout;B1
pas cher;B2
pas du tout;B1
pas mal;A1
pas mal de;B1
pas ordinaire;B2
pas un;B2
passable;B1
passage;B1
passage à niveau;B2
passager;A1
passé;B1
passé composé;A2
passé simple;B2
passeport;A1
passer;A1
passer (se);A1
passer au mixeur;B2
passer l'aspirateur;B1
passer une annonce;B2
passer une radio;B2
passerelle;B2
passe-temps;B2
passif;B1
passion;A2
passionnant;B2
passionner pour (se);B1
pastel;B2
pasteur;B2
pastis;B2
patch;B2
pâte;B1
pâté;A2
paternel;B1
pâtes;A1
pathologie;B2
pathologique;B2
patient;B1
patinoire;B2
patins;B2
pâtisserie;A2
pâtissier;A2
patois;B2
patriarche;B2
patron;A2
patronat;B2
patte;B2
paume;B2
paupière;B2
pauvre;A1
pavillon;B1
payant;B1
payé (bien/mal);A2
payer;A1
pays;A1.1
paysage;A2
PDG;B2
péage;B1
peau;A1
pêche;B1
pêcher;B1
pêcheur;B2
pectoral;B2
pédagogie;B2
pédiatre;B2
pédiatrie;B2
pédiatrique;B2
peigne;A1
peignoir;B2
peindre;A2
peine;B1
peiné;B2
peiner;B2
peintre;A2
peinture;B1
peler;B1
pelouse;A2
penché;B1
pencher (se);B1
pendant;A1
pendant que;B2
pendu;B2
pénétrer;B2
pénible;B1
péninsule;B2
pensée;B1
penser;A1
pension  ;B1
pension complète;B1
perçant;B2
perceptible;B2
perception;B1
percevoir;B2
percussions;B2
perdant;B1
perdre;A1
perdre connaissance;B2
perdre la nationalité;B1
perdrix;B2
perdu;B1
père;A1.1
perfectionnement;B2
performance;B2
perfusion;B2
périmé;B2
périmètre;B2
période;B1
périodicité;B2
périodique;B2
périphérie;B2
périphérique;B2
permanent;B1
permettre;B1
permis de conduire;A1
permis de séjour;B2
permission;B1
perpendiculaire;B2
perruque;B2
persil;B2
persistance;B2
persistant;B2
persister;B2
personnalité;B2
personne (n.);A1.1
personne âgée;B2
personnel;A2
perte;B1
pesant;B2
pesanteur;B2
peser;A1
peso;B2
pessimisme;B1
pessimiste;B1
pétanque;B2
péter (casser);B2
pétillant;B2
petit;A1.1
petit ami;A2
petit boulot (job d'étudiant);B1
petit four;B2
petit nom;B2
petit pain;B2
petit pain au lait;B2
petit-déjeuner (n.);A1.1
petite annonce;A2
petite cuiller;B1
petite-fille;A2
petite-nièce;B2
petit-fils;A2
petit-neveu;B2
petits chevaux;B2
petits pois;B2
petits-enfants;A2
pétrole;B2
peu (un);A1
peu à peu;B2
peu de;B2
peuplier;B2
peur;A2
peureux;B1
peut-être;A1.1
phalange;B2
phare;A2
pharmaceutique;B2
pharmacie;A1
pharmacien;A2
phase;B2
phénomène;B2
philosophe;B1
philosophie;B2
philosophique;B1
phonétique;A2
photo;A1
photo-;B2
photo ;A1.1
photocopie;A2
photocopier (sauf Prim);A2
photocopieuse;B1
photographie;A2
photographique;B2
phrase;A1
physique;B1
piano;A1
pic;B2
pichet;B2
pickpocket;B1
pie;B2
pièce ;A1.1
pièce de rechange;B2
pièce de théâtre;A2
pièce d'identité;A1
pièces;B2
pied;A1.1
pierre;B1
pile;B2
pilote;B1
piloter;B1
piment;B2
pin;B2
pincée;B2
ping-pong;B2
pintade;B2
piolet;B2
pion;B2
pipe;B2
piquant;B2
pique-nique;A2
pique-niquer;B1
piquet de grève;B2
piqûre;A2
pire;B1
piscine;A1
piste  ;B1
piste cyclable;B1
pistolet;B2
piston;B2
pittoresque;B2
pivoine;B2
pizza;A1
placard;B1
place;A1
placé;B1
placements;B2
placer;B2
plafond;B1
plage;A1.1
plaie;B2
plaindre (se);B2
plaine;B2
plainte;B1
plaintif;B2
plaire;B1
plaisanter;B1
plaisanterie;B1
plaisir (avec) (sauf Prim);A2
plan;B1
plan de carrière;B2
plan d'eau;B2
plan d'épargne-logement;B2
plan social;B2
planche à voile;B2
plancher;B2
planète;A2
plantaire;B2
plante;A1
plaque;B2
plaquette;B2
plasticien;B2
plastique;A2
plat (adj.);A1
plat (n.);A1
plat cuisiné;B1
plat du jour;A2
platane;B2
plateau;B2
plateforme;B2
plâtre;B2
plein;A1
plein (n.);A2
pleurer;A2
pleuvoir à seaux;B2
plexiglas;B2
plier;B2
plomb;B2
plombage;B2
plombé;B2
plombier;A2
plonger;B2
pluie;A1.1
plupart (la);B1
pluriel;A1
plurilingue;B1
plus;A1.1
plus de;B2
plus loin;A2
plus près;A2
plus tard;A2
plus tôt;A2
plusieurs;B1
pluvieux;B2
pneu;B1
podologue;B2
poêle;A2
poésie;B2
poids;A1
poids lourd;B2
poignet;B2
poil;B1
poing;B2
point;A1
pointure;A1
poire;B1
poireau;B1
poirier;B2
poisseux;B2
poisson;A1.1
poissonnerie;B1
poissonnier;A2
poitrine;B1
poivre;A1
poivré;B1
poivrer;B1
poker;B2
polaire;B1
pôle;B1
Pôle-emploi;B1
police;A1
police-secours;B2
policier;A2
politique;A1
pollution;B1
polonais;A2
polyester;B2
polygamie;B2
polygone;B2
polynôme;B2
polystyrène;B2
polyvalent;B2
pommade;B2
pomme;A1.1
pomme d'adam;B2
pomme de terre;B1
pommier;B1
pompe à essence;B2
pompier;A1
pompiste;B2
ponctuation;B2
pont;A1
pope;B2
populaire;B2
populiste;B2
porc;A1
porche;B2
port;B1
portable (adj.);A2
portable (n.);A1
porte;A1.1
porte d'embarquement;B2
portée;B2
porter;A2
porter (vêtements);A1.1
porter plainte;B1
porteur;B1
porteur de handicap;B2
portier;B2
portière;B1
portion;B2
porto;B2
pose;B2
posé;B2
poser;A2
positif;B2
position;B1
positionné;B2
possibilité;A2
possible;A1.1
postal;A2
poste;A1
poste de police;A2
poste de travail;B1
poste électrique;B2
poste restante;B2
poster;A2
postérieur;B2
postérité;B2
postulat;B2
postuler;B2
pot;B2
potager;B1
potasser;B2
pot-au-feu;B2
potentiel;B2
poubelle;A2
pouce;B1
poudre;B1
poulain;B2
poule;A1
poulet;A1
poumon;B1
pour;A1
pour commencer;B2
pour finir;B2
pour la x fois;B2
pour le moment;B1
pour l'instant;B1
pourboire;B1
pourcentage;B1
pourquoi;A2
pourri;B2
poursuite;B2
poursuivant;B2
poursuivre;B1
pourtant;B1
pousser;A2
poussin;B2
pouvoir (n.);B2
pouvoir (v.);A1.1
pouvoir d'achat;B1
prairie;B2
praline;B2
pratiquant;B2
pratique;B1
pratiquer;B1
pré;B2
préalable;B2
préavis (de grève);B2
précaire;B2
précarité;B2
précédent;B1
prêche;B2
prêcher;B2
précieux;B2
précipitations;B2
précipité;B2
précipiter (se);B2
précuit;B2
prédicateur;B2
prédisposition;B2
préfecture;A2
préférer;A2
Préhistoire;B2
préhistorique;B2
premier;A1
premier ministre;A2
prendre;A1.1
prendre de l'essence;B2
prendre part;B2
prendre sa retraite;A2
prendre sa température;B1
prendre son petit-déjeuner;B2
prendre un bain;B1
prendre un verre;B1
prendre une direction;B2
prénom;A1.1
préoccupant;B2
préparation;B2
préparer;A1
préposé;B2
préretraite;B2
préretraité;B2
près;A1.1
près (de);A2
près (tout);B2
prescription;B2
prescrire;B2
présence;B2
présent;A1
présent ( n. );A1
présentateur;B2
présentation;B1
présenter (se);A1
préserver;B2
présidence;B1
président;A2
présidentiel;B2
presque;A2
presqu'île;B2
presse;B1
presser;B2
pression;B2
pression atmosphérique;B2
prêt;B1
prétentieux;B2
prêter;B1
prêter serment;B2
prêtre;B1
preuve;B1
prévision;B1
prévoir;B1
prier;B1
prière;B1
primaire;B1
prime;B2
principal;A2
principalement;B2
principe;B1
printannier;B2
printemps;A1.1
priorité;B1
prise;B2
prise de sang;A2
prisme;B2
privé;A2
prix;A1.1
probabilité;B2
probable;B1
probablement;A2
problème;A2
procès-verbal (PV);B2
prochain;A1
proche;B1
proclamation;B2
producteur;B1
productif;B1
production;A1
produire (se);B1
produits d'entretien;B2
produits laitiers;B1
professeur;A1.1
profession;A1
professionnel;A2
profil;B2
profiter ;A2
profond;A2
profondeur;B1
programmation (culturelle);B1
programmation (informatique);B2
programme;A1.1
progrès;B1
progresser;B1
progressif;B2
progression;B1
progressivement;B1
projection;B2
projet;A2
projeter;B2
prolongation;B2
prolongement;B2
prolonger;B1
promenade;A2
promener (se);A1.1
promeneur;B1
promesse;B1
promettre;B1
promotion;A2
promouvoir;B2
pronom;B2
prononcer;A1
prononciation;B2
propagation;B2
proportion;B2
proportionnel;B2
proposer;A2
propre;A1
propreté;B1
propriétaire;B1
protéger;B1
protéine;B2
protestant;B1
protestantisme;B2
protestation;B1
protester;B1
prothèse;B2
proto-;B2
prouver;B1
provenance;B1
provenir;B2
province;A2
provincial;B2
proviseur;B2
provisoire;B1
provoquer;B1
proximité;B2
prudence;B1
prune;B2
prunier;B2
psychiatre;B2
psychiatrie;B2
psychiatrique;B2
psychologue;B2
puanteur;B2
public (adj. et n.);A2
publication;B2
publicité;A1
publier;B1
puce;B2
puceron;B2
pudeur;B2
puer;B1
puisque;B1
puissance;B2
puissant;B2
pull;A1.1
pull-over;B2
pulmonaire;B2
pupille;B2
purée;A2
quadrilatère;B2
quadruplés;B2
quai;A1
qualification;B2
qualité;A1
quand;B1
quand même;B2
quantité;B1
quarantaine;B2
quart;A1
quart de finale;B2
quart d'heure;A2
quartier;A1.1
quasiment;B2
quatuor;B2
quelque part;B1
quelquefois;A2
quelques;A2
quelques-uns;A2
question;A1.1
questionnaire;B2
questionner;B1
queue;B2
quintal;B2
quintuplés;B2
quinzaine;B2
quitter (se);B1
quoique;B2
quote-part;B2
quotidien;B1
quotient;B2
rabais;B2
rabbin;B1
raccrocher;B2
racine;B2
racisme;A2
raconter;A1.1
rade;B2
radical;B2
radio;A1
radio-;B2
radiologie;A2
radiologique;B2
radiologue;B2
radiophonique;B2
rage;B2
raide;B1
raie;B1
raisin;B2
raison;B1
raisonnable;B1
raisonnablement;B1
raisonnement;B2
ralentir;B1
ralentissement;B2
rallye;B2
Ramadan;A2
ramassage;B2
ramasser;B1
ramener;B1
ramper;B2
rancune;B2
randonnée;A2
randonneur;B2
rangé;B1
ranger;A2
ranger (se);B2
rapide;A1.1
rapidement;A2
rapidité;B1
rappel;B2
rappeler;B1
rapport;B2
rapprochement;B2
rapprocher ;B2
rapprocher (se);B1
raquette;A2
rare;B1
rarement;B1
raser (se);A1
rasoir;A1
rassasié;B2
rassemblement;B2
rassurer;B2
rate;B2
raté;A1
rater;A2
rationnel;B1
raviolis;B2
rayon;B2
réaction;B1
réagir;B2
réalisateur;B1
réaliser;B2
reboucher;B2
recaler;B2
récemment;B2
récent;B1
récépissé;B2
réception;A1
réceptionniste;B1
récession;B2
recette;A2
receveur;B2
recevoir;A1.1
réchauffer;B1
recherche d'emploi;B2
rechercher;B1
rechute;B2
récipient;B2
réciproque;B2
réclamation;B1
réclamer;B1
recommencement;B2
recommencer (à);B1
récompenser;B2
recomposé;B1
réconforter;B2
reconnaître que;B1
reconversion;B2
recrutement;B2
recruter;B2
rectal;B2
rectangle;B1
rectangulaire;B1
rectification;B2
rectifier;B2
rectiligne;B2
rectum;B2
recul;B2
reculer;B1
récupérer;B2
recyclage;B1
recycler;B1
rédaction;B2
rédiger;B1
redoubler;B2
réduction;B1
réduction du temps de travail;B2
réduire;B1
réduit;B2
réel;B2
réfectoire;B2
référendum;B1
réfléchir;B1
réflexion;B1
réformer;B1
réformiste;B1
réfrigérateur;A1
refuser;A2
refuser la priorité;B2
regard;B1
regarder;A1.1
régime;B1
région;A2
régional;A2
règle;A2
règlement;B1
règlementé;B2
régler;B1
régler sur (se);B2
regret;B1
régulier;B1
régulièrement;B1
rejeter;B2
rejoindre;B2
relatif;B2
relation;B1
relevé (de notes);B2
relever (se);B1
relier;B2
religieuse (gâteau);B2
religieux;A2
religion;A2
religion orthodoxe;B2
remarquable;B2
remboursement;A2
rembourser;B1
remède;B2
remettre (se);B2
remonter;B1
remords;B2
remorque;B2
remorquer;B2
remplaçant;B2
remplacer;B2
rempli;B1
remplir;A2
remporter;B2
remuer;B2
rémunéré;B2
renard;B2
rencontre;A2
rencontrer (sauf Prim);A1
rencontrer (se);B1
rendement;B2
rendez-vous;A1
rendre (se);B2
rendre la monnaie;B1
rendre service;A2
rendre visite;B1
renne;B2
renseignements;A2
renseigner;B1
rentrée (des classes);A1
rentrée (mouvement);B2
rentrer;A2
renvoyer;B2
renvoyer (se faire -);B2
réparation;A2
réparer;A2
repartir;B1
repas;A1
repasser;B2
répercussion;B2
répété;B1
répéter;A1.1
répéter (se);B1
répétitif;B2
répétition;B1
réplique;B2
répliquer;B2
répondeur;A2
répondre;A1.1
réponse;A2
reporter;B2
repos;B1
reposer (se);A2
reprendre;B1
reprendre le travail;B2
représentant  ;B1
représentant du personnel;B1
représentatif;B2
représentation;B1
représenter;B1
reproche;B2
reprocher;B2
reproduction;B1
reptile;B2
républicain;B2
république;A1
requin;A2
RER;B2
réseau;B2
réseaux sociaux;B1
réservation;A1
réservé;B2
réserve (naturelle);B2
réserver;A1
résidence;A1
résidence secondaire;B2
résider;B1
résistance;B2
résistant;B2
résister;B2
résolution;B2
résoudre;B2
respect;B1
respecter;B1
respectif;B2
respectueux;B1
respiration;B1
respiratoire;B1
respirer;A2
responsabilité;B1
responsable;B1
ressemblance;B1
ressembler;A2
ressembler  ;B1
ressembler (se);B1
ressentir;B1
ressortissant;B2
ressources;B2
restant;B2
restaurant;A1.1
restaurant universitaire;B1
restauration;B2
reste;B2
rester;A1
rester célibataire;B2
resto;B2
résultat;A2
résulter;B2
résumé;B1
résumer;B1
rétabli;B2
rétablir (se);B2
rétablissement;B2
retard;A1
retenue (émotions);B2
retenues (financières);B2
rétine;B2
retirer;A1
retombée;B2
retour;A1
retourner (se);B1
retrait  ;B1
retraite;A2
retraité;B2
retrancher;B2
rétroprojecteur;B2
rétrospective;B2
retrouvé;B2
retrouver;A2
rétroviseur;B2
réunion;A1
réunir;B2
réussi;A1
réussir;A2
réussite;B1
réveiller (se faire);B1
revendication;B2
revendiquer;B2
revenir;A2
revenus;B2
rêver;A2
réviser;A2
révision;B1
révolte;B1
révolté;B1
révolter;B2
révolution;B1
révolutionner;B2
revue;B1
rez-de-chaussée;A2
rhétorique;B2
rhum;B2
rhumatisme;B2
rhume;B1
riche;A1
rideau;B2
rien;A2
rillettes;B1
ring;B2
rire;A2
risque;B1
risquer;B1
rite;B2
rivage;B2
rivière;A1
riz;A1.1
robe;B2
robe de nuit;B2
robot;B2
rocade;B2
roche;B2
rocher;B1
roi;A2
rôle;B1
roller;B2
rollers;B2
roman;B1
rompre;B2
rompre des négociations;B2
rond;A1
rond (n.);A2
rond-point;B2
roquefort;B2
rose (n. et adj.);A1
rotation;B2
rôti;A2
rôtir;B2
rotule;B2
roue;A2
roue de secours;B2
rouge;A1.1
rougeole;B2
rouget;B1
rougeur;B1
rougir;B1
rouler;B1
rouler à (+vitesse);B2
roulette;B2
routard;B2
route;A1
route nationale;B1
routier;B1
roux;A1.1
roux (n.);A2
royalisme;B1
royaliste;B1
rubrique;B1
rude;B2
rue;A1.1
rue piétonne;B2
rugby;A1
rugueux;B2
ruisseau;B2
rumsteck;B2
rupture;B2
rural;B1
ruse;B2
rusé;B2
russe;B1
rythme;B2
S (taille);B2
sable;B1
sabre;B2
sac;A1
sac à dos;A2
sac à main;A1
sac de couchage;B1
sac de voyage;B2
sachet;B2
sacoche;B2
sacré;B1
sacrement;B2
safari;B2
sage;B1
sage-femme;B2
sagesse;B1
saignant;B1
sain;B1
saint;B2
saisi;B2
saisir;B1
saison ;A1.1
saisonnier;B2
salade;A1.1
salade de fruits;B2
saladier;B2
salaire;A2
salaire minimum;B1
salarié;B2
sale;A1
salé;A1
saler;B1
salir;B1
salive;B2
salle;A1.1
salle à manger;A1
salle d'attente;B1
salle de bain;A1.1
salle de cours;A2
salle des fêtes (sauf Prim);A1
salle d'opération;B2
salon;A1.1
salubrité;B2
samedi;A1.1
SAMU;B1
sanctionner;B2
sandwich;A1
sang;A1
sanguin;B2
sanitaire;B2
sanitaires;B1
sans;A1.1
sans arrêt;B1
sans ça;B2
sans cesse;B2
sans doute;B1
sans emploi;B1
sans enfant;B2
sans papier;B1
sans plomb;B1
sans quoi;B2
sans tarder;B2
sans valeur;B2
sans-papiers;B2
santé;A2
sapin;A2
sardine;B2
satellite;B1
satisfaction;B1
satisfaire;B1
satisfaisant;B1
satisfait;B1
sauce;A2
saucisse;B2
saucisson;B1
sauf;A2
saule;B2
saumon;A2
saut;B1
sauté de veau;B2
sauter;A2
sauvage;A2
sauver;A2
saveur;B1
savoir;A1.1
savon;A1
savon à barbe;B2
savourer;B2
savoureux;B2
scanner;B1
scarabée;B2
scarole;B2
scène;B1
science (notion);A1
sciences;B2
sciences de la terre;B2
sciences humaines;B2
sciences sociales;B2
scientifique;A1
scolaire;B1
scolarité;B1
scooter;A1
score;B2
scorpion;B2
scrutin;B2
sculpteur;B2
sculpture;B2
se baigner;A2
se marier (sauf Prim);A1
se rappeler;A2
se retrouver;B1
se réunir;B1
se servir de qch;B1
séance (cinéma);B1
sec;A1
sèche-cheveux;A2
sécher;B2
sécher (faire);B1
sécheresse;B1
second;A1
secondaire;B1
seconde;A1
secouer;B2
secourir;B1
secours;A1
secrétaire;A2
secrétariat;B1
secte;B2
secteur;B1
secteur (d'activité);B2
section;B2
sécurité  ;B1
sécurité sociale;B1
séduction;B2
séduire;B1
segement;B2
seigle;B2
sein;B2
séjour;B1
sel;A1
sélection;B1
sélectionner;B1
self-service;B1
semaine;A1.1
semblable;B1
sembler;B1
semelle;B2
semestre;B2
semestriel;B2
séminaire;B2
sémiologie;B2
semoule;B2
s'en aller;B2
sénat;B1
sénateur;B2
senior;B1
sens;B1
sens interdit;B2
sensation;B1
sensé;B2
sensible;B1
senteur;B2
sentier;B2
sentiment;A2
sentir;A1
sentir bon;B2
sentir mal (se);B1
séparation;B1
séparé;A2
séparément;B2
séparer (se);A2
septembre;A1.1
septembre ;A1.1
serein;B2
sérénité;B2
série;B1
sérieux;A2
serment;B2
serpent;B2
serpillière;B2
serré;B2
serrer;B1
serveur;A2
serveuse;B2
service;A2
service (rendre -);A2
service à dîner;B2
service compris;B2
service de table;B2
service du personnel;B1
services;B2
services administratifs;B2
serviette;A1.1
serviette de bain;A1.1
servir;A1
servir à;B2
seul;A2
sévère;A2
sexe;A1
sexualité;B1
sexuel;B1
shampooing;A1
short;A1.1
short ;B2
si;A2
si bien que;B2
si et seulement si;B2
sida;A2
siècle;B1
siège;B1
sifflement;B2
siffler;B1
signalisation;B2
signature;A2
signe;B1
signé;B2
signer;A2
significatif;B2
signifier;B1
silence;A1
silencieux;B1
similaire;B2
similitude;B2
simple;A1.1
simplicité;B1
simplifier;B2
simultané;B2
simultanéité;B2
simultanément;B2
sincère;B1
sincérité;B1
singulier;A1
sinon;A2
s'investir;B2
sirop;A2
site;A2
situation;B2
situation de famille;A2
situation régulière;B2
situé;B1
situer (se);B2
sixième;B2
ski;A2
ski nautique;B2
skier;A2
skieur;B2
slip;A1
slogan;B1
SMS (sauf Prim);A2
snack;B2
SNCF;B2
sociable;B1
social;A1
socialisme;B1
socialiste;B1
société;A1
sociologie;B2
soda;B1
sodium;B2
sœur;A1.1
soie;B1
soif;A1
soigner;A2
soins;B1
soir;A1.1
soirée;B1
soit;B2
soixantaine;B2
sol;B1
solde (en);B2
soldes;A2
sole;B1
soleil;A1
solidarité;A1
solide;A2
solidité;B1
soliste;B2
solitaire;B2
solitude;B2
solution;B1
sombre;A2
sommaire;B1
somme;B1
sommeil;B1
sommelier;B2
sommet;B1
son (n.);A1
sondage;A2
sonner;A2
sonnerie;B1
sonnette;B1
sonore;B1
sonorité;B2
sorbet;A2
sorte;B1
sortie;A1.1
sortir;A1.1
sortir avec;A2
soucieux;B2
soudain;B1
soudainement;B2
soufflé;B2
souffrance;B1
souffrant;B2
souffrir  ;B1
souffrir (de);B1
soufre;B2
soulagement;B2
soulèvement;B2
soulever;A2
souligner;A2
soupe;A1
souper;B1
souple;B1
souplesse;B1
source;B2
sourcil;B2
sourd;B1
souriant;B1
sournois;B2
sous;A1.1
sous vide;B2
souscrire;B2
sous-estimer;B2
sous-louer;B2
soustraction;B1
soustraire;B2
sous-verre;B2
sous-vêtement;B2
soutenir;B1
soutien;B1
soutien-gorge;A1
souvent;A1.1
spacieux;B2
spaghettis;B1
sparadrap;B2
spécial;A2
spécialiste;B1
spécialité;B1
spécifique;B2
spectacle;A1
spectateur;A2
sphère;B1
sphérique;B2
spirale;B2
sport;A1.1
sportif;A2
square;B1
squat;B2
squatter;B2
squelette;B2
stabiliser (se);B2
stabilité;B2
stable;B1
stade;A1.1
stage;A2
stagiaire;B1
station;A1
station service;A1
stationnaire;B2
stationnement;B1
stationner;B1
station-service;B1
statique;B2
statistique;B2
steak;A2
steak tartare;B2
stère;B2
stéthoscope;B2
steward;B1
stomacal;B2
stomatologue;B2
stop;A2
stopper;B2
store;B2
stress;B1
stressé;B1
stresser;B1
structure;B2
studio;A2
stupéfiant;B2
stupidité;B1
stylo;A1.1
stylo à bille;B2
subir;B2
subjonctif;B1
subordonné;B2
subsister;B2
substance;B1
subtil;B2
subventionner;B2
succès;B1
successif;B2
succulent;B2
sucre;A1.1
sucré;A1
sucre glace;B2
sucrer;B1
sud;A1
sud-est;B1
sud-ouest;B1
suffire;B2
suffire à;B1
suffisamment;B2
suisse;A2
suite;B2
suivant;B1
suivre;B1
suivre des yeux;B2
suivre du regard;B1
suivre un cours;B1
sujet;B1
super;A1.1
superficie;B2
supérieur;B1
supériorité;B1
superlatif;B2
supermarché;A1
suppléant;B2
supplément;B1
suppliant;B2
supplier;B2
support;B2
supportable;B1
supporter;B1
supporteur;B2
supposer;B1
suppression;B2
supprimer;A2
sur;A1.1
sûr;A1
sur le côté de;B2
sur mesure;B2
surdité;B2
sûrement;B1
surestimer;B2
surf;B2
surface;B1
surgelé;B1
surgeler;B2
sur-le-champ;B2
surlendemain;B2
surnom;B2
surpasser;B2
surprenant;B1
surprendre;B1
surprise;A2
surtout;B2
surveillant;B2
survêtement;A2
suspendre;B2
suspension;B2
syllabe;A1
syllabus;B2
symbol;B2
symétrie;B2
symétrique;B2
sympa;A1.1
sympathie;B1
sympathique;A2
sympathisant;B2
symptôme;B2
synagogue;A2
synchronisation;B2
synchroniser;B2
syndicat;B1
syndiqué;B2
syntaxe;B2
synthèse;B2
synthétique;B2
synthétiser;B2
système;B2
tabac;A2
tabagisme;B2
table;A1
table;A1.1
tableau;A2
tableau d'affichage;B2
tablette (sauf Prim);A1
tabouret;B2
tâche;B1
taille;A1
taire (se);B1
talent;B1
talon;B2
tandis que;B2
tangente;B2
tant … que;B2
tant que;B2
tante;A2
taper;A2
tapis;B2
tapisserie;B2
taquin;B2
taquiner;B2
taquinerie;B2
tard;A1
tard (plus);A2
tarif;A2
tarot;B2
tarte;A2
tartiner;B2
tasse;A1.1
tasser (se);B2
tâter;B2
taureau;B2
taux;B2
taxi;A1
technicien;B1
technique;B2
teckel;B2
Tee shirt;A1.1
tee-shirt;B2
teindre;B2
teint;B2
teinte;B2
télé-;B2
téléfilm;B2
téléphone;A1.1
téléphoner;A1.1
téléspectateur;B1
télévisé;B1
télévision (télé);A1.1
télévisuel;B2
tellement … que;B1
témoignage;B1
tempe;B2
tempérament;B2
température;A1
tempéré;B2
temple;B1
temporaire;B1
temps;A1.1
temps libre;A2
temps partiel;B2
temps plein;B2
tendance;B1
tendon;B2
tendre;B1
tendre l'oreille;B2
tendresse;B1
tendu;B2
tenir;A1
tenir (se);B2
tenir debout (se);B2
tenir en échec;B2
tennis;A2
tennis de table;B2
tension;B2
tente;A1
tenture;B2
tenue;B2
TER;B2
terme;B2
terminal;B1
terminer (se);B1
terminus;B1
terne;B2
terrain;A2
terrasse;B1
terre;A1
terre battue;B2
terre cuite;B2
terre-plein;B2
terrestre;B1
terreur;B2
terrible;A2
tertiaire;B2
test;A1
tête;A1.1
tête en l'air;B2
texte;A1
textile;B2
TGV;B2
thé;A1.1
théatre;A1.1
théâtre;A1
thème;B1
théologien;B2
théorème;B2
théorie;B1
théorique;B1
théoriser;B2
thérapie;B2
thermo-;B2
thermomètre;B1
thon;A2
thoracique;B2
thorax;B2
tibia;B2
ticket;A1.1
ticket de caisse;B2
tiède;B1
tiercé;B2
tiers;B2
tige;B2
tigre;B1
tilleul;B2
timbre;A1
timide;A2
timidité;B1
tir;B2
tirage;B2
tire-bouchon;B2
tirer;A2
tisane;B2
tissu;A2
titres;B2
titulaire;B2
toilette (faire sa -);A1
toilettes;A1
tolérance;A1
tolérant;B1
tolérer;B2
tomate;B2
tomber;A2
tomber amoureux;B1
tomber dans le coma;B2
tomber en panne;B1
tomber juste;B2
tome;B1
tonne;B1
tonneau;B2
top;A2
torchon;B2
tordre;B2
tordu;B2
tornade;B2
torrent;B2
torrentiel;B2
torsion;B2
tôt;A1
total;A1
totalité;B1
toucher;A1
toucher des intérêts;B2
toujours;A1.1
tour;B1
tour de cou;B2
tour de poitrine;B1
tourisme;A1
touriste;A2
touristique;B1
tournant;B2
tourner;A1
tourner (se);B1
tous;A2
tous les + n.;B2
tousser;A2
tout;A2
tout à coup;B2
tout à l'heure;A2
tout contre;B2
tout de même;B2
tout de suite;A2
tout droit;A1
tout à coup;B1
tout le temps;A1
tout près;B2
toutefois;B2
toutes les + n.;B2
toux;B1
tracer;B2
tract;B1
traducteur;B1
traduction;B1
traduire;A2
tragédie;B1
tragique;A2
train;A1.1
traîner (se);B2
trait(s) (caractéristiques);B2
traitement;B1
traiter;B1
traiteur;B1
trajectoire;B2
trajet;B2
tram(way);A1
tranche;B1
trancher;B2
tranquille;B1
tranquillité;B2
trans-;B2
transformation;B1
transformer;B2
transformer (se);B1
translation;B2
transmettre;A2
transport;A2
transporter;B1
transversal;B2
trapèze;B2
traumatisme;B2
travail;A1.1
travail à plein temps;B1
travail au noir;B2
travailler;A1.1
travailleur;B2
travaux;B1
travaux dirigés TD;B2
travaux pratiques  TP;B2
travers (de);B1
traversée;B1
traverser;A2
trekking;B2
trempé;B1
trentaine;B2
très;A1
très bien;B2
trésorier;B2
tri;B2
triangle;B1
triangulaire;B1
tribord;B2
tribunal;A2
tribune;B2
triceps;B2
tricot;B2
trier;B1
trilingue;B1
trimaran;B2
trimestre;B1
trimestriel;B2
trio;B2
triomphal;B2
triomphalement;B2
triomphe;B2
triompher;B2
triple;B2
triplés;B2
triste;A1
tristesse;A2
trois;A1
trois quarts  ;B1
trois quarts d'heure;B1
troisième;A1
troisième âge;B1
trop;A1.1
trop peu;B2
tropical;B1
tropique;B1
tropique (du Cancer/ du Capricorne);B2
trot;B2
trotter;B2
trottinette;B2
trou;B2
trouille;B2
troupeau;B2
trousse;A1.1
trousse ;A1
trouvé;B2
trouver ( - du travail);A2
trouver (se);B1
truite;B2
T-shirt;A1
tube;A2
tuberculeux;B2
tuberculose;B2
tulipe;A2
tumeur;B2
tunnel;B1
turbulent;B2
turquoise;B2
tympan;B2
type;B1
typhon;B2
typique;B1
ulcère;B2
ultérieur;B2
ultra-;B2
un;B2
un (nombre);A1
un autre;B2
un goût de;B2
un peu;A1
un peu de;A2
un peu partout;B2
un tiers;B2
une fois (il était -);B2
uniforme (costume);B1
union;B2
union libre;B2
unique;B1
unir;B1
unir (s');B2
unité;B2
unité de valeur;B2
universel;B1
universitaire;B2
université;A1
urbain;B2
urbanisme;B2
urgences;A1
urgences 112;B1
urne;B2
urologue;B2
usage;B2
usagé;B2
usé;B2
usine;A1
utile;A1
utilement;B2
utiliser;A2
utilité;B1
vacances;A1.1
vacancier;B1
vacataire;B2
vaccin;A2
vacciner;B1
vache;A1
vaincre;B2
vainqueur;B2
vaisselle (faire la - );A2
valable;A1
valeur;B1
valide;B2
valider;B1
validité;A1
valise;A1.1
vallée;B1
valoir;A2
vanille;B1
vanité;B2
vaniteux;B2
vantard;B2
vanter (se);B2
variable;B2
variation;B2
varicelle;B1
vaste;B1
vautour;B2
veau;B2
vecteur;B2
végétal;B2
végétarien;B1
veille;B2
veille de;B1
veine;B2
veineux;B2
vélo;A1.1
vendeur vendeuse;A1.1
vendre ;A2
vendredi;A1.1
vénérien;B2
venir;A1.1
venir de;B1
vent;A1.1
vente;A2
ventral;B2
ventre;A2
ver de terre;B2
verbe;A1
verglacé;B2
verglas;B2
vérification;B1
vérifier;A2
vérité;B1
vermicelle;B1
verre;A1.1
vers;A1
versant;B2
verser;B1
verser des intérêts;B2
version française;B1
version originale;B1
version sous-titrée;B1
vert;A1.1
vert (n.);A2
vertébral;B2
vertèbre;B2
vertical;B1
vertige;B2
vésicule;B2
veste;A1
vestiaire;B1
vêtement;A1.1
veticale;B2
veuf;A1
vexé;B2
vexer;B2
viande;A1.1
victime;B1
victoire;B1
victorieusement;B2
vidange;B2
vidanger;B2
vide;A1
vidéo;A1.1
vidéoprojecteur;B1
vide-ordures;B2
vider;A2
vie;A2
vieillard;B2
vieillesse;B1
viennoiserie;B2
vieux;A1.1
vif;B1
vif d'esprit;B2
vignette;B2
villa;B2
village;A1.1
ville;A1.1
vin;A1
vin de pays;B2
vin de table;B2
vinaigre;B1
vinaigrette;B1
vingtaine;B2
violence;B1
violent;B1
violet (adj.);A2
violette;A2
violon;A2
vipère;B2
virage;B2
viral;B2
virement;B1
virer;B1
virgule;A1
virtuel;B2
virus;B1
visa;A1
visage;A2
visée;B2
viser;B2
visibilité;B1
visible;B1
vision;B1
visite;A1
visiter;A1.1
visiteur;B1
visuel;B1
vital;B1
vitamine;B1
vite;A1.1
vitesse;A1
vitre;B2
vitrine;B2
vivant;A1
vivante (langue);B2
vivre;A1
vivre avec;A2
vocabulaire;A2
voici;A1
voie;A1
voie rapide;B2
rue piétonne;B1
voilà;A1
voilà comment;B2
voilage;B2
voile;B2
voir;A1.1
voisin;A1.1
voisinage (voisins);B1
voiture;A1.1
voiture de course;B2
voiture-restaurant;B2
voix;A2
vol;A1
volaille;B2
volant;A2
voler;A2
volet;B2
voleur;B2
volley-ball;B2
volontaire;B2
volonté;B1
volume;B2
volumineux;B2
vomir;B2
votation;B2
vote;A1
voter;A1
vouloir;A1
vouloir dire;A2
voûté;B2
voyage;A1.1
voyage d'affaires;B2
voyager;A1.1
voyageur;A1
voyagiste;B2
vraisemblable;B2
vraisemblablement;B2
vue;A2
w.c;A1
wagon;B2
week-end;A1
XL;B2
XXL;B2
y;B1
yaourt;A1
yen;A2
Yom Kippour;A2
Zambie;B2
zèbre;B2
zinc;B2
zone;B2
zone bleue;B2
zone industrielle;B2
zoo;A2
